cap-diameter,cap-shape,gill-attachment,gill-color,stem-height,stem-width,stem-color,season,class
1372,2,2,10,3.8074667544799388,1545,11,1.8042727086281731,1
1461,2,2,10,3.8074667544799388,1557,11,1.8042727086281731,1
1371,2,2,10,3.6124962945838073,1566,11,1.8042727086281731,1
1261,6,2,10,3.7875718095925786,1566,11,1.8042727086281731,1
1305,6,2,10,3.711971019020609,1464,11,0.9431945538974952,1
1337,6,2,10,3.7756348426601622,1520,11,0.9431945538974952,1
1300,2,2,10,3.8353196773222433,1563,11,1.8042727086281731,1
1354,6,2,10,3.6761601182233603,1532,11,0.8884502877862838,1
1222,6,2,10,3.7716558536826903,1476,11,0.9431945538974952,1
1085,6,2,10,3.7756348426601622,1581,11,0.8884502877862838,1
1214,6,2,10,3.6960550631107205,1524,11,1.8042727086281731,1
642,6,2,10,0.28606150941715336,1311,11,0.9431945538974952,1
814,4,2,10,1.1892920073033142,1681,11,0.9431945538974952,1
550,4,2,10,0.5486747819303103,1220,11,0.8884502877862838,1
606,6,2,10,0.2542295975973768,1239,11,0.9431945538974952,1
721,6,2,10,0.9505526686549897,1445,11,0.9431945538974952,1
595,6,2,10,0.6043806276149193,1415,11,0.8884502877862838,1
661,4,2,10,0.43726309056109214,1150,11,0.8884502877862838,1
587,6,2,10,0.5964226496599752,1531,11,0.9431945538974952,1
835,6,2,10,0.9067837899027968,1603,11,0.8884502877862838,1
705,4,2,10,0.083133072,1122,11,0.8884502877862838,1
599,4,2,10,0.5765277047726147,1306,11,0.8884502877862838,1
619,4,2,10,0.38951522283142725,1195,11,0.9431945538974952,1
648,6,2,10,0.7277292859165536,1370,11,0.8884502877862838,1
778,6,2,10,0.8112880544434671,1514,11,0.9431945538974952,1
692,6,2,10,0.6521284953445842,1307,11,0.9431945538974952,1
804,4,2,10,0.8709728891055483,1517,11,0.8884502877862838,1
660,6,2,10,0.9823845804747663,1626,11,0.9431945538974952,1
547,6,2,10,0.5208218590880057,1191,11,0.8884502877862838,1
846,6,2,10,1.173376051393426,1613,11,0.8884502877862838,1
826,6,2,10,1.0500273930917916,1593,11,0.8884502877862838,1
834,6,2,10,1.014216492294543,1591,11,0.8884502877862838,1
664,4,2,10,0.7197713079616094,1140,11,0.9431945538974952,1
763,6,2,10,0.8192460323984113,1614,11,0.8884502877862838,1
718,6,2,10,0.7197713079616094,1291,11,0.8884502877862838,1
594,6,2,10,0.7436452418264419,1333,11,0.8884502877862838,1
641,6,2,10,0.7476242308039139,1577,11,0.8884502877862838,1
840,4,2,10,0.962489636,1465,11,0.9431945538974952,1
728,4,2,10,1.1654180734384818,1577,11,0.9431945538974952,1
539,6,2,10,0.7874141205786347,1394,11,0.8884502877862838,1
605,4,2,10,0.9147417678577411,1561,11,0.9431945538974952,1
613,6,2,10,0.6600864732995283,1352,11,0.8884502877862838,1
675,6,2,10,0.6083596165923914,1499,11,0.9431945538974952,1
510,6,2,10,0.40941016771878763,1172,11,0.9431945538974952,1
618,6,2,10,0.7118133300066652,1510,11,0.9431945538974952,1
638,6,2,10,0.6521284953445842,1635,11,0.8884502877862838,1
585,4,2,10,0.6760024292094166,1332,11,0.9431945538974952,1
837,6,2,10,0.6680444512544724,1323,11,0.8884502877862838,1
688,6,2,10,0.8470989552407158,1421,11,0.8884502877862838,1
805,6,2,10,0.21046071884518394,1330,11,0.9431945538974952,1
762,6,2,10,0.7237502969390814,1484,11,0.8884502877862838,1
640,6,2,10,0.6640654622770004,1250,11,0.8884502877862838,1
699,4,2,10,0.962489636,1506,11,0.9431945538974952,1
674,6,2,10,0.429305113,1667,11,0.9431945538974952,1
662,6,2,10,1.0579853710467357,1755,11,0.9431945538974952,1
736,6,2,10,0.7794561426236906,1404,11,0.9431945538974952,1
563,6,2,10,0.6163175945473355,1419,11,0.9431945538974952,1
756,6,2,10,1.0540063820692636,1392,11,0.9431945538974952,1
705,4,2,10,1.0818593049115681,1534,11,0.8884502877862838,1
802,6,2,10,1.2489768419653953,1578,11,0.8884502877862838,1
591,6,2,10,0.060110532,1166,11,0.9431945538974952,1
708,4,2,10,0.8510779442181878,1533,11,0.8884502877862838,1
717,4,2,10,0.807309065,1499,11,0.8884502877862838,1
573,4,2,10,0.7237502969390814,1375,11,0.8884502877862838,1
622,4,2,10,1.1693970624159538,1482,11,0.9431945538974952,1
516,6,2,10,0.42532612362867595,995,11,0.9431945538974952,1
763,6,2,10,0.6799814181868887,1396,11,0.9431945538974952,1
592,4,2,10,0.9903425584297104,1615,11,0.8884502877862838,1
580,4,2,10,0.3298303881693462,1368,11,0.8884502877862838,1
635,6,2,10,0.429305113,1241,11,0.9431945538974952,1
626,6,2,10,0.36962027794406693,1443,11,0.9431945538974952,1
793,6,2,10,0.7953720985335788,1485,11,0.9431945538974952,1
607,6,2,10,0.4492000574935084,1190,11,0.8884502877862838,1
528,4,2,10,0.266166565,1355,11,0.9431945538974952,1
758,6,2,10,0.6600864732995283,1336,11,0.8884502877862838,1
780,6,2,10,0.3537043220341786,1405,11,0.9431945538974952,1
855,4,2,10,1.0460484041143194,1575,11,0.8884502877862838,1
752,4,2,10,0.7317082748940257,1273,11,0.8884502877862838,1
700,6,2,10,0.9545316576324617,1414,11,0.8884502877862838,1
582,4,2,10,0.803330076,1288,11,0.9431945538974952,1
693,4,2,10,0.863014911,1245,11,0.9431945538974952,1
657,4,2,10,0.6322335504572237,1477,11,0.9431945538974952,1
645,4,2,10,0.5168428701105336,1301,11,0.8884502877862838,1
677,4,2,10,0.7356872638714977,1477,11,0.9431945538974952,1
722,6,2,10,0.6720234402319445,1331,11,0.9431945538974952,1
738,6,2,10,0.699876363,1549,11,0.8884502877862838,1
566,6,2,10,0.5446957929528382,1353,11,0.9431945538974952,1
736,4,2,10,0.6521284953445842,1417,11,0.8884502877862838,1
614,6,2,10,0.8431199662632437,1468,11,0.8884502877862838,1
614,6,2,10,0.962489636,1156,11,0.8884502877862838,1
821,4,2,10,1.0778803159340962,1632,11,0.8884502877862838,1
745,6,2,10,0.9585106466099339,1749,11,0.8884502877862838,1
624,6,2,10,0.4929689362457012,1372,11,0.8884502877862838,1
713,6,2,10,1.0858382938890403,1523,11,0.9431945538974952,1
677,4,2,10,0.8948468229703807,1534,11,0.8884502877862838,1
692,6,2,10,0.4213471346512039,1413,11,0.8884502877862838,1
731,6,2,10,0.48103196931328496,1319,11,0.9431945538974952,1
639,4,2,10,0.6163175945473355,1509,11,0.9431945538974952,1
725,4,2,10,1.3683465112895574,1747,11,0.9431945538974952,1
869,4,2,10,1.181334029,1828,11,0.8884502877862838,1
749,4,2,10,1.2251029081005629,1537,11,0.9431945538974952,1
592,6,2,10,0.4850109582907571,1273,11,0.8884502877862838,1
680,6,2,10,0.9465736796775176,1489,11,0.9431945538974952,1
783,4,2,10,0.7436452418264419,1336,11,0.9431945538974952,1
673,6,2,10,0.5486747819303103,1544,11,0.8884502877862838,1
505,4,2,10,0.047322171,1046,11,0.9431945538974952,1
655,4,2,10,0.4213471346512039,1156,11,0.8884502877862838,1
595,6,2,10,0.44124207953856426,1413,11,0.9431945538974952,1
809,4,2,10,0.46909500238086876,1220,11,0.8884502877862838,1
773,4,2,10,0.807309065,1373,11,0.8884502877862838,1
796,4,2,10,0.8709728891055483,1531,11,0.8884502877862838,1
698,6,2,10,0.8311829993308275,1436,11,0.9431945538974952,1
714,4,2,10,0.6760024292094166,1211,11,0.9431945538974952,1
707,4,2,10,0.9823845804747663,1768,11,0.9431945538974952,1
765,4,2,10,0.7595611977363301,1314,11,0.8884502877862838,1
642,6,2,10,0.4571580354484525,1364,11,0.9431945538974952,1
646,6,2,10,0.7953720985335788,1557,11,0.8884502877862838,1
755,6,2,10,0.5645907378401985,1534,11,0.9431945538974952,1
803,4,2,10,1.0301324482044312,1582,11,0.8884502877862838,1
702,4,2,10,1.1693970624159538,1501,11,0.9431945538974952,1
727,4,2,10,1.121649194686289,1659,11,0.8884502877862838,1
584,4,2,10,0.5566327598852544,1316,11,0.8884502877862838,1
679,6,2,10,0.9545316576324617,1430,11,0.8884502877862838,1
775,4,2,10,0.9306577237676293,1578,11,0.9431945538974952,1
814,4,2,10,0.5446957929528382,1552,11,0.9431945538974952,1
698,4,2,10,0.8749518780830203,1570,11,0.8884502877862838,1
741,6,2,10,0.4929689362457012,1287,11,0.8884502877862838,1
944,6,2,10,1.5633169711856891,1965,11,0.8884502877862838,1
816,4,2,10,0.910762779,1519,11,0.8884502877862838,1
672,6,2,10,0.4929689362457012,1470,11,0.8884502877862838,1
663,6,2,10,0.6680444512544724,1404,11,0.8884502877862838,1
612,6,2,10,0.6680444512544724,1322,11,0.9431945538974952,1
725,6,2,10,0.5924436606825031,1437,11,0.8884502877862838,1
676,6,2,10,0.7794561426236906,1358,11,0.9431945538974952,1
738,4,2,10,1.0659433490016799,1535,11,0.8884502877862838,1
708,6,2,10,0.6481495063671121,1560,11,0.9431945538974952,1
748,4,2,10,0.644170517,1390,11,0.8884502877862838,1
748,6,2,10,0.5645907378401985,1408,11,0.9431945538974952,1
825,6,2,10,0.9784055914972942,1630,11,0.8884502877862838,1
664,4,2,10,0.6163175945473355,1238,11,0.8884502877862838,1
790,6,2,10,1.0460484041143194,1795,11,0.8884502877862838,1
570,6,2,10,0.5128638811330616,1309,11,0.9431945538974952,1
561,4,2,10,0.3298303881693462,1137,11,0.9431945538974952,1
724,4,2,10,0.9903425584297104,1502,11,0.8884502877862838,1
647,6,2,10,1.2012289742357303,1758,11,0.9431945538974952,1
722,6,2,10,0.45317904647098045,1379,11,0.9431945538974952,1
634,4,2,10,0.5208218590880057,1312,11,0.8884502877862838,1
638,6,2,10,1.0778803159340962,1569,11,0.8884502877862838,1
593,6,2,10,0.9028048009253248,1415,11,0.9431945538974952,1
648,6,2,10,0.3855362338539552,1306,11,0.9431945538974952,1
726,6,2,10,0.5208218590880057,1269,11,0.8884502877862838,1
798,6,2,10,0.9744266025198222,1687,11,0.9431945538974952,1
680,4,2,10,1.0261534592269592,1603,11,0.8884502877862838,1
725,6,2,10,0.8192460323984113,1576,11,0.8884502877862838,1
738,4,2,10,0.644170517,1269,11,0.9431945538974952,1
730,4,2,10,1.0500273930917916,1618,11,0.9431945538974952,1
849,4,2,10,1.4280313459516385,1951,11,0.9431945538974952,1
589,6,2,10,0.6322335504572237,1529,11,0.9431945538974952,1
540,6,2,10,0.31789342123692993,1109,11,0.8884502877862838,1
709,6,2,10,0.48103196931328496,1400,11,0.8884502877862838,1
651,6,2,10,0.9226997458126852,1770,11,0.9431945538974952,1
755,6,2,10,0.7675191756912743,1473,11,0.8884502877862838,1
831,4,2,10,0.7078343410291932,1687,11,0.8884502877862838,1
697,6,2,10,0.8669939001280762,1547,11,0.9431945538974952,1
626,4,2,10,0.5009269142006454,1349,11,0.8884502877862838,1
668,4,2,10,0.4014521897638435,1259,11,0.9431945538974952,1
788,4,2,10,0.5685697268176706,1553,11,0.9431945538974952,1
679,6,2,10,0.9943215474071825,1503,11,0.8884502877862838,1
825,6,2,10,0.9983005363846545,1649,11,0.9431945538974952,1
721,6,2,10,0.8749518780830203,1570,11,0.9431945538974952,1
769,4,2,10,0.5168428701105336,1429,11,0.9431945538974952,1
697,4,2,10,0.6600864732995283,1578,11,0.8884502877862838,1
756,6,2,10,0.7635401867138022,1531,11,0.8884502877862838,1
726,4,2,10,0.40941016771878763,1103,11,0.9431945538974952,1
749,4,2,10,0.807309065,1608,11,0.8884502877862838,1
808,6,2,10,0.9943215474071825,1527,11,0.8884502877862838,1
737,6,2,10,0.7197713079616094,1377,11,0.9431945538974952,1
673,4,2,10,0.5168428701105336,1524,11,0.8884502877862838,1
646,6,2,10,0.7794561426236906,1410,11,0.8884502877862838,1
724,4,2,10,1.233060886055507,1755,11,0.9431945538974952,1
694,6,2,10,0.5964226496599752,1328,11,0.9431945538974952,1
760,4,2,10,0.9943215474071825,1559,11,0.8884502877862838,1
581,6,2,10,0.5844856827275589,1231,11,0.8884502877862838,1
672,4,2,10,0.7078343410291932,1421,11,0.9431945538974952,1
707,4,2,10,0.7555822087588581,1395,11,0.9431945538974952,1
711,4,2,10,0.6362125394346959,1561,11,0.8884502877862838,1
798,4,2,10,0.7953720985335788,1694,11,0.9431945538974952,1
598,6,2,10,0.27014555350726505,1250,11,0.8884502877862838,1
752,4,2,10,0.47307399135834083,1290,11,0.9431945538974952,1
809,4,2,10,1.3245776325373646,1669,11,0.8884502877862838,1
560,6,2,10,0.4571580354484525,1443,11,0.9431945538974952,1
839,4,2,10,0.7794561426236906,1612,11,0.8884502877862838,1
584,4,2,10,0.083133072,1298,11,0.9431945538974952,1
870,4,2,10,0.7953720985335788,1418,11,0.8884502877862838,1
614,6,2,10,0.3656412889665948,1489,11,0.8884502877862838,1
693,4,2,10,1.022174470249487,1743,11,0.9431945538974952,1
716,6,2,10,0.7078343410291932,1458,11,0.9431945538974952,1
861,6,2,10,0.7754771536462185,1655,11,0.8884502877862838,1
686,6,2,10,0.23433465271001638,1241,11,0.9431945538974952,1
774,4,2,10,0.5009269142006454,1312,11,0.8884502877862838,1
741,6,2,10,0.859035922,1591,11,0.9431945538974952,1
758,6,2,10,1.0420694151368475,1624,11,0.9431945538974952,1
793,6,2,10,1.181334029,1661,11,0.8884502877862838,1
599,4,2,10,0.7794561426236906,1489,11,0.8884502877862838,1
688,4,2,10,0.37757825589901106,1138,11,0.8884502877862838,1
752,4,2,10,0.8192460323984113,1442,11,0.9431945538974952,1
668,6,2,10,1.1017542497989286,1843,11,0.8884502877862838,1
657,6,2,10,0.21443970782265603,1078,11,0.8884502877862838,1
815,6,2,10,0.48898994726822914,1432,11,0.8884502877862838,1
777,6,2,10,0.8749518780830203,1447,11,0.8884502877862838,1
604,6,2,10,0.3815572448764831,1219,11,0.8884502877862838,1
643,4,2,10,0.540716804,1317,11,0.8884502877862838,1
732,4,2,10,1.1574600954835375,1496,11,0.9431945538974952,1
725,4,2,10,0.42532612362867595,1399,11,0.9431945538974952,1
569,4,2,10,0.30595645430451374,1461,11,0.9431945538974952,1
781,4,2,10,0.540716804,1376,11,0.8884502877862838,1
843,6,2,10,0.9903425584297104,1546,11,0.8884502877862838,1
632,6,2,10,0.9067837899027968,1271,11,0.8884502877862838,1
741,6,2,10,0.5805066937500868,1392,11,0.9431945538974952,1
676,6,2,10,0.2542295975973768,1472,11,0.8884502877862838,1
747,4,2,10,0.48898994726822914,1446,11,0.9431945538974952,1
759,6,2,10,0.9983005363846545,1473,11,0.8884502877862838,1
733,4,2,10,0.6561074843220562,1442,11,0.9431945538974952,1
766,6,2,10,0.3815572448764831,1387,11,0.8884502877862838,1
839,4,2,10,1.0062585143395988,1685,11,0.8884502877862838,1
679,4,2,10,0.863014911,1524,11,0.8884502877862838,1
816,4,2,10,0.910762779,1508,11,0.8884502877862838,1
724,6,2,10,0.7595611977363301,1634,11,0.8884502877862838,1
769,4,2,10,0.9983005363846545,1455,11,0.8884502877862838,1
561,6,2,10,0.7396662528489698,1564,11,0.9431945538974952,1
523,6,2,10,0.27810353146220923,1477,11,0.9431945538974952,1
775,4,2,10,0.803330076,1491,11,0.9431945538974952,1
817,6,2,10,0.9028048009253248,1646,11,0.9431945538974952,1
618,6,2,10,0.7555822087588581,1352,11,0.9431945538974952,1
727,4,2,10,0.8948468229703807,1616,11,0.9431945538974952,1
579,6,2,10,0.7038553520517211,1319,11,0.9431945538974952,1
734,6,2,10,0.29799847634956955,1397,11,0.9431945538974952,1
776,4,2,10,1.1296071726412331,1711,11,0.9431945538974952,1
663,4,2,10,0.640191528,1452,11,0.9431945538974952,1
799,4,2,10,1.344472577424725,1767,11,0.9431945538974952,1
684,6,2,10,0.44124207953856426,1382,11,0.8884502877862838,1
865,4,2,10,0.9744266025198222,1826,11,0.8884502877862838,1
709,4,2,10,0.7157923189841373,1298,11,0.9431945538974952,1
783,6,2,10,0.699876363,1508,11,0.8884502877862838,1
692,6,2,10,0.7635401867138022,1490,11,0.9431945538974952,1
778,6,2,10,0.3855362338539552,1167,11,0.9431945538974952,1
800,6,2,10,0.6680444512544724,1392,11,0.9431945538974952,1
786,4,2,10,0.5168428701105336,1261,11,0.9431945538974952,1
658,4,2,10,0.2184186968001281,1014,11,0.8884502877862838,1
804,6,2,10,0.9943215474071825,1588,11,0.9431945538974952,1
619,6,2,10,0.3815572448764831,1363,11,0.9431945538974952,1
842,4,2,10,1.244997852987923,1657,11,0.9431945538974952,1
613,4,2,10,0.4173681456737318,1294,11,0.8884502877862838,1
635,6,2,10,0.5208218590880057,1377,11,0.8884502877862838,1
714,4,2,10,0.640191528,1318,11,0.9431945538974952,1
697,4,2,10,0.49694792522317327,1351,11,0.9431945538974952,1
818,6,2,10,0.6839604071643608,1543,11,0.9431945538974952,1
760,6,2,10,1.0261534592269592,1548,11,0.9431945538974952,1
686,4,2,10,0.43726309056109214,1344,11,0.8884502877862838,1
885,4,2,10,1.1296071726412331,1580,11,0.9431945538974952,1
774,6,2,10,1.0420694151368475,1552,11,0.9431945538974952,1
729,6,2,10,0.7118133300066652,1599,11,0.8884502877862838,1
710,6,2,10,0.5645907378401985,1396,11,0.9431945538974952,1
782,6,2,10,0.9903425584297104,1574,11,0.9431945538974952,1
536,4,2,10,0.40941016771878763,1315,11,0.9431945538974952,1
658,4,2,10,0.7118133300066652,1201,11,0.8884502877862838,1
643,6,2,10,0.536737815,1330,11,0.8884502877862838,1
674,6,2,10,0.7635401867138022,1233,11,0.9431945538974952,1
756,4,2,10,0.45317904647098045,1311,11,0.9431945538974952,1
720,4,2,10,0.9823845804747663,1678,11,0.8884502877862838,1
583,6,2,10,0.6202965835248075,1130,11,0.9431945538974952,1
697,4,2,10,0.6879393961418329,1341,11,0.9431945538974952,1
599,4,2,10,0.5168428701105336,939,11,0.9431945538974952,1
791,4,2,10,0.5924436606825031,1469,11,0.8884502877862838,1
708,6,2,10,0.7277292859165536,1546,11,0.8884502877862838,1
719,6,2,10,0.8550569331956599,1294,11,0.9431945538974952,1
691,4,2,10,0.8431199662632437,1582,11,0.8884502877862838,1
587,4,2,10,0.21443970782265603,1022,11,0.8884502877862838,1
732,4,2,10,1.0778803159340962,1745,11,0.9431945538974952,1
473,6,2,10,0.47307399135834083,1138,11,0.9431945538974952,1
654,6,2,10,0.6799814181868887,1417,11,0.9431945538974952,1
730,6,2,10,0.46909500238086876,1292,11,0.8884502877862838,1
720,6,2,10,0.6561074843220562,1343,11,0.9431945538974952,1
642,4,2,10,0.8112880544434671,1447,11,0.9431945538974952,1
799,4,2,10,1.1614390844610096,1566,11,0.9431945538974952,1
736,6,2,10,0.644170517,1204,11,0.8884502877862838,1
723,6,2,10,0.9585106466099339,1426,11,0.8884502877862838,1
812,6,2,10,0.5844856827275589,1554,11,0.9431945538974952,1
680,4,2,10,0.7754771536462185,1441,11,0.8884502877862838,1
789,4,2,10,1.0579853710467357,1579,11,0.9431945538974952,1
661,6,2,10,0.7834351316011626,1361,11,0.8884502877862838,1
549,6,2,10,0.7078343410291932,1484,11,0.9431945538974952,1
844,6,2,10,0.9903425584297104,1428,11,0.9431945538974952,1
717,6,2,10,0.23831364168748848,1043,11,0.9431945538974952,1
763,4,2,10,0.9306577237676293,1450,11,0.9431945538974952,1
760,4,2,10,1.022174470249487,1548,11,0.9431945538974952,1
598,4,2,10,0.6640654622770004,1569,11,0.8884502877862838,1
654,6,2,10,0.13883891725068662,1307,11,0.8884502877862838,1
621,4,2,10,0.48898994726822914,1492,11,0.8884502877862838,1
692,4,2,10,0.5128638811330616,1364,11,0.8884502877862838,1
601,4,2,10,0.6282545614797517,1417,11,0.8884502877862838,1
623,6,2,10,0.39747320078637144,1434,11,0.9431945538974952,1
570,4,2,10,0.39747320078637144,1249,11,0.9431945538974952,1
835,4,2,10,1.0181954812720149,1758,11,0.8884502877862838,1
735,4,2,10,1.0977752608214564,1537,11,0.8884502877862838,1
706,6,2,10,0.9266787347901573,1658,11,0.8884502877862838,1
595,4,2,10,0.8789308670604924,1506,11,0.9431945538974952,1
719,6,2,10,0.588464672,1417,11,0.9431945538974952,1
624,6,2,10,0.8112880544434671,1352,11,0.8884502877862838,1
819,6,2,10,0.7754771536462185,1528,11,0.8884502877862838,1
629,4,2,10,0.7078343410291932,1573,11,0.8884502877862838,1
578,4,2,10,0.21046071884518394,1275,11,0.9431945538974952,1
593,6,2,10,0.6879393961418329,1136,11,0.9431945538974952,1
791,6,2,10,0.7834351316011626,1353,11,0.9431945538974952,1
754,4,2,10,0.9585106466099339,1491,11,0.9431945538974952,1
783,6,2,10,1.443947301861527,1826,11,0.8884502877862838,1
753,6,2,10,0.7118133300066652,1397,11,0.8884502877862838,1
569,6,2,10,0.4133891566962597,1298,11,0.9431945538974952,1
657,6,2,10,0.8391409772857716,1486,11,0.8884502877862838,1
721,4,2,10,0.3656412889665948,1387,11,0.9431945538974952,1
646,6,2,10,0.3934942118088994,1113,11,0.8884502877862838,1
818,6,2,10,0.8669939001280762,1559,11,0.9431945538974952,1
751,6,2,10,0.9863635694522384,1450,11,0.9431945538974952,1
730,6,2,10,0.7913931095561068,1573,11,0.8884502877862838,1
869,6,2,10,1.3007036986725322,1678,11,0.9431945538974952,1
576,4,2,10,0.4651160134033967,1427,11,0.8884502877862838,1
740,4,2,10,1.0062585143395988,1602,11,0.8884502877862838,1
707,6,2,10,0.7675191756912743,1546,11,0.9431945538974952,1
784,4,2,10,0.8749518780830203,1558,11,0.9431945538974952,1
688,4,2,10,0.9903425584297104,1496,11,0.9431945538974952,1
698,4,2,10,0.48898994726822914,1159,11,0.8884502877862838,1
781,6,2,10,0.7237502969390814,1329,11,0.8884502877862838,1
801,6,2,10,0.7874141205786347,1410,11,0.8884502877862838,1
788,6,2,10,0.7237502969390814,1342,11,0.9431945538974952,1
662,4,2,10,0.39747320078637144,1271,11,0.9431945538974952,1
796,4,2,10,0.7317082748940257,1527,11,0.8884502877862838,1
615,4,2,10,0.8112880544434671,1317,11,0.8884502877862838,1
748,6,2,10,0.536737815,1474,11,0.8884502877862838,1
740,4,2,10,0.33380937714681824,1172,11,0.9431945538974952,1
587,4,2,10,0.5168428701105336,1263,11,0.9431945538974952,1
706,6,2,10,0.7476242308039139,1406,11,0.8884502877862838,1
652,4,2,10,0.7356872638714977,1541,11,0.8884502877862838,1
665,4,2,10,0.6322335504572237,1553,11,0.8884502877862838,1
798,6,2,10,1.2768297648076998,1825,11,0.8884502877862838,1
570,6,2,10,0.5606117488627265,1294,11,0.9431945538974952,1
953,4,2,10,1.3404935884472529,1755,11,0.9431945538974952,1
703,4,2,10,1.0062585143395988,1623,11,0.8884502877862838,1
748,4,2,10,1.014216492294543,1561,11,0.9431945538974952,1
515,6,2,10,0.34176735510176237,1321,11,0.8884502877862838,1
666,4,2,10,0.695897374,1193,11,0.8884502877862838,1
821,4,2,10,0.6282545614797517,1388,11,0.8884502877862838,1
763,4,2,10,0.7277292859165536,1353,11,0.8884502877862838,1
731,4,2,10,0.7834351316011626,1417,11,0.9431945538974952,1
596,4,2,10,0.27810353146220923,1125,11,0.8884502877862838,1
801,6,2,10,1.0699223379791518,1738,11,0.8884502877862838,1
694,4,2,10,0.6640654622770004,1675,11,0.8884502877862838,1
702,4,2,10,0.5566327598852544,1339,11,0.9431945538974952,1
717,4,2,10,1.125628183663761,1746,11,0.8884502877862838,1
878,6,2,10,0.9306577237676293,1596,11,0.8884502877862838,1
767,6,2,10,0.9704476135423501,1661,11,0.9431945538974952,1
745,4,2,10,0.5327588260204219,1564,11,0.9431945538974952,1
791,6,2,10,1.4638422467488872,1878,11,0.8884502877862838,1
619,4,2,10,0.46113702442592464,1296,11,0.8884502877862838,1
712,6,2,10,0.1269019503182704,1063,11,0.8884502877862838,1
1137,2,2,10,2.0766065492795867,1574,11,0.9431945538974952,1
1151,2,2,10,1.9055100232482876,1363,11,0.9431945538974952,1
1002,6,2,10,1.8498041775636784,1497,11,0.9431945538974952,1
1149,6,2,10,1.774203386991709,1209,11,0.8884502877862838,1
1270,2,2,10,2.044774637,1572,11,0.9431945538974952,1
1154,6,2,10,2.0049847476850893,1374,11,0.9431945538974952,1
1099,6,2,10,1.8696991224510389,1368,11,0.8884502877862838,1
1139,6,2,10,1.8657201334735667,1400,11,0.8884502877862838,1
1181,2,2,10,2.044774637,1613,11,0.9431945538974952,1
1289,2,2,10,2.088543516212003,1633,11,0.8884502877862838,1
1197,6,2,10,1.8736781114285108,1409,11,0.9431945538974952,1
1203,6,2,10,2.0567116043922264,1467,11,0.8884502877862838,1
1223,6,2,10,1.989068791775201,1589,11,0.8884502877862838,1
1347,6,2,10,1.9691738468878406,1636,11,0.9431945538974952,1
1192,6,2,10,1.993047780752673,1634,11,0.8884502877862838,1
1276,2,2,10,2.0726275603021147,1735,11,0.8884502877862838,1
1072,2,2,10,1.9174469901807036,1380,11,0.8884502877862838,1
1126,6,2,10,1.6986025964197395,1070,11,0.8884502877862838,1
1224,6,2,10,1.9254049681356478,1479,11,0.9431945538974952,1
1286,2,2,10,2.0129427256400336,1403,11,0.8884502877862838,1
1133,2,2,10,1.881636089383455,1549,11,0.9431945538974952,1
1229,6,2,10,1.989068791775201,1474,11,0.9431945538974952,1
1115,2,2,10,1.9015310342708154,1197,11,0.8884502877862838,1
1182,6,2,10,2.0049847476850893,1300,11,0.8884502877862838,1
1104,6,2,10,1.8975520452933432,1334,11,0.9431945538974952,1
1286,2,2,10,1.9771318248427847,1422,11,0.9431945538974952,1
1187,6,2,10,1.9094890122257595,1345,11,0.8884502877862838,1
1078,6,2,10,1.6866656294873235,1318,11,0.9431945538974952,1
1257,2,2,10,1.9731528358653128,1302,11,0.8884502877862838,1
1188,6,2,10,2.040795648482338,1605,11,0.8884502877862838,1
1276,6,2,10,1.9094890122257595,1583,11,0.9431945538974952,1
1203,2,2,10,1.941320924045536,1650,11,0.9431945538974952,1
1217,6,2,10,1.937341935068064,1363,11,0.9431945538974952,1
1214,2,2,10,2.048753626437282,1620,11,0.8884502877862838,1
1187,2,2,10,1.9651948579103686,1451,11,0.9431945538974952,1
1234,2,2,10,1.7105395633521558,1397,11,0.8884502877862838,1
1310,2,2,10,1.8458251885862063,1509,11,0.8884502877862838,1
1205,6,2,10,1.9492789020004804,1156,11,0.8884502877862838,1
1171,2,2,10,1.937341935068064,1448,11,0.9431945538974952,1
1312,2,2,10,2.088543516212003,1523,11,0.8884502877862838,1
1198,6,2,10,1.9771318248427847,1506,11,0.9431945538974952,1
1199,2,2,10,1.8657201334735667,1378,11,0.9431945538974952,1
1094,6,2,10,2.048753626437282,1257,11,0.9431945538974952,1
1345,2,2,10,2.096501494166947,1782,11,0.9431945538974952,1
1230,6,2,10,1.658812706645019,1038,11,0.8884502877862838,1
1260,6,2,10,1.8736781114285108,1455,11,0.8884502877862838,1
1168,6,2,10,1.7980773208565415,1387,11,0.8884502877862838,1
1064,2,2,10,1.6349387727801865,1158,11,0.8884502877862838,1
1157,6,2,10,2.0010057587076173,1267,11,0.9431945538974952,1
1031,6,2,10,1.937341935068064,1228,11,0.9431945538974952,1
1169,6,2,10,1.9532578909779523,1312,11,0.8884502877862838,1
1211,6,2,10,1.817972265743902,1445,11,0.8884502877862838,1
1178,2,2,10,2.036816659504866,1220,11,0.8884502877862838,1
1187,2,2,10,1.7901193429015974,1204,11,0.9431945538974952,1
1227,2,2,10,2.148228350874084,1701,11,0.8884502877862838,1
1116,2,2,10,1.9015310342708154,1408,11,0.8884502877862838,1
1268,6,2,10,1.881636089383455,1590,11,0.9431945538974952,1
1251,2,2,10,1.889594067338399,1483,11,0.9431945538974952,1
1148,2,2,10,1.8696991224510389,1555,11,0.8884502877862838,1
1096,2,2,10,1.8696991224510389,1281,11,0.9431945538974952,1
1061,6,2,10,1.5832119160730496,1425,11,0.9431945538974952,1
1043,6,2,10,1.8378672106312621,1181,11,0.9431945538974952,1
1074,6,2,10,1.607085849937882,1136,11,0.9431945538974952,1
1193,2,2,10,1.8975520452933432,1441,11,0.9431945538974952,1
1183,6,2,10,1.937341935068064,1672,11,0.9431945538974952,1
1251,6,2,10,2.108438461099363,1682,11,0.9431945538974952,1
1277,6,2,10,2.1362913839416677,1547,11,0.8884502877862838,1
1301,2,2,10,1.889594067338399,1654,11,0.9431945538974952,1
1272,2,2,10,1.937341935068064,1505,11,0.9431945538974952,1
1196,2,2,10,2.028858681549922,1604,11,0.9431945538974952,1
1165,6,2,10,1.7224765302845721,1431,11,0.8884502877862838,1
985,2,2,10,1.8338882216537902,1336,11,0.9431945538974952,1
1172,2,2,10,1.989068791775201,1491,11,0.9431945538974952,1
1227,2,2,10,1.8736781114285108,1575,11,0.8884502877862838,1
1306,6,2,10,2.040795648482338,1514,11,0.9431945538974952,1
1084,6,2,10,1.8060352988114856,1313,11,0.8884502877862838,1
1195,2,2,10,1.9811108138202569,1499,11,0.9431945538974952,1
1410,6,2,10,2.052732615414754,1581,11,0.8884502877862838,1
1196,6,2,10,1.9254049681356478,1204,11,0.9431945538974952,1
1177,6,2,10,1.8458251885862063,1435,11,0.9431945538974952,1
1269,6,2,10,1.766245409036765,1359,11,0.9431945538974952,1
1180,6,2,10,1.8418461996087343,1453,11,0.9431945538974952,1
1209,6,2,10,2.0010057587076173,1331,11,0.9431945538974952,1
1185,2,2,10,1.9691738468878406,1370,11,0.9431945538974952,1
1142,6,2,10,2.052732615414754,1587,11,0.8884502877862838,1
1316,6,2,10,1.9174469901807036,1682,11,0.9431945538974952,1
1069,6,2,10,1.7423714751719324,1075,11,0.9431945538974952,1
1178,2,2,10,2.1641443067839723,1449,11,0.9431945538974952,1
1279,2,2,10,2.0129427256400336,1573,11,0.8884502877862838,1
1281,2,2,10,1.9970267697301451,1704,11,0.9431945538974952,1
1146,2,2,10,1.881636089383455,1462,11,0.8884502877862838,1
1320,6,2,10,2.0766065492795867,1586,11,0.8884502877862838,1
1180,2,2,10,1.7821613649466532,1303,11,0.8884502877862838,1
1197,6,2,10,1.7901193429015974,1215,11,0.8884502877862838,1
1161,6,2,10,1.8935730563158713,1333,11,0.8884502877862838,1
1216,6,2,10,1.9254049681356478,1395,11,0.8884502877862838,1
1225,6,2,10,2.028858681549922,1365,11,0.8884502877862838,1
1305,2,2,10,1.8378672106312621,1397,11,0.9431945538974952,1
1135,6,2,10,1.8617411444960947,1225,11,0.9431945538974952,1
1223,2,2,10,1.7344134972169882,1246,11,0.8884502877862838,1
1357,2,2,10,2.0049847476850893,1787,11,0.9431945538974952,1
1090,6,2,10,1.7582874310818206,1237,11,0.8884502877862838,1
1163,2,2,10,1.9771318248427847,1554,11,0.8884502877862838,1
1316,6,2,10,2.0686485713246423,1502,11,0.9431945538974952,1
1141,6,2,10,2.0010057587076173,1583,11,0.8884502877862838,1
1193,2,2,10,1.774203386991709,1341,11,0.9431945538974952,1
1260,2,2,10,1.9970267697301451,1537,11,0.8884502877862838,1
1162,2,2,10,1.8975520452933432,1624,11,0.9431945538974952,1
1363,6,2,10,2.112417450076835,1718,11,0.8884502877862838,1
1204,6,2,10,2.0089637366625612,1649,11,0.9431945538974952,1
1294,2,2,10,1.9452999130230082,1295,11,0.8884502877862838,1
1190,2,2,10,1.770224398014237,1313,11,0.8884502877862838,1
1199,2,2,10,2.0805855382570586,1489,11,0.8884502877862838,1
1250,2,2,10,2.2437240863334136,1679,11,0.9431945538974952,1
1145,6,2,10,1.937341935068064,1598,11,0.9431945538974952,1
1325,2,2,10,2.0049847476850893,1625,11,0.8884502877862838,1
1347,6,2,10,2.1243544170092514,1881,11,0.9431945538974952,1
1290,6,2,10,1.9452999130230082,1520,11,0.9431945538974952,1
1067,2,2,10,2.0169217146175056,1592,11,0.8884502877862838,1
1272,6,2,10,2.0129427256400336,1541,11,0.9431945538974952,1
1076,2,2,10,1.8935730563158713,1288,11,0.8884502877862838,1
1333,6,2,10,2.0049847476850893,1644,11,0.8884502877862838,1
1150,6,2,10,1.718497541,1169,11,0.9431945538974952,1
1179,2,2,10,1.9731528358653128,1440,11,0.8884502877862838,1
1157,2,2,10,1.6787076515323793,1192,11,0.8884502877862838,1
1194,2,2,10,1.9254049681356478,1398,11,0.9431945538974952,1
1280,2,2,10,2.0129427256400336,1291,11,0.9431945538974952,1
1090,2,2,10,1.7224765302845721,1005,11,0.8884502877862838,1
1128,2,2,10,1.7304345082395163,1243,11,0.8884502877862838,1
1244,2,2,10,2.0606905933696984,1522,11,0.9431945538974952,1
1122,2,2,10,1.8418461996087343,1200,11,0.9431945538974952,1
1327,2,2,10,2.1362913839416677,1731,11,0.8884502877862838,1
1365,6,2,10,2.1641443067839723,1670,11,0.8884502877862838,1
1259,6,2,10,1.9850898027977288,1401,11,0.9431945538974952,1
1143,6,2,10,1.889594067338399,1446,11,0.9431945538974952,1
1159,2,2,10,2.0209007035949775,1661,11,0.8884502877862838,1
1188,2,2,10,2.040795648482338,1616,11,0.8884502877862838,1
1242,2,2,10,1.881636089383455,1175,11,0.9431945538974952,1
1216,2,2,10,1.9492789020004804,1503,11,0.8884502877862838,1
1027,2,2,10,1.8139932767664297,1322,11,0.8884502877862838,1
1216,6,2,10,1.993047780752673,1565,11,0.9431945538974952,1
1176,2,2,10,1.817972265743902,1505,11,0.8884502877862838,1
1145,6,2,10,1.8856150783609271,1428,11,0.9431945538974952,1
1255,6,2,10,1.8577621555186226,1350,11,0.9431945538974952,1
1247,6,2,10,2.0089637366625612,1389,11,0.8884502877862838,1
1065,6,2,10,1.8617411444960947,1238,11,0.8884502877862838,1
1253,6,2,10,2.351156789,1365,11,0.8884502877862838,1
1081,2,2,10,1.7224765302845721,1109,11,0.9431945538974952,1
1290,6,2,10,1.7940983318790693,1360,11,0.9431945538974952,1
1014,6,2,10,1.8060352988114856,939,11,0.8884502877862838,1
1250,2,2,10,1.8935730563158713,1369,11,0.8884502877862838,1
1238,2,2,10,2.144249361896612,1509,11,0.9431945538974952,1
1224,2,2,10,1.9094890122257595,1623,11,0.8884502877862838,1
1207,2,2,10,1.9492789020004804,1441,11,0.8884502877862838,1
1183,2,2,10,1.8418461996087343,1277,11,0.8884502877862838,1
1211,6,2,10,1.9731528358653128,1392,11,0.9431945538974952,1
1287,6,2,10,1.9055100232482876,1560,11,0.9431945538974952,1
1323,2,2,10,2.032837670527394,1599,11,0.9431945538974952,1
1328,6,2,10,2.112417450076835,1701,11,0.9431945538974952,1
1182,6,2,10,1.825930243698846,1493,11,0.9431945538974952,1
1155,2,2,10,1.829909232676318,1325,11,0.9431945538974952,1
1146,6,2,10,1.9691738468878406,1467,11,0.8884502877862838,1
1346,6,2,10,1.9452999130230082,1338,11,0.8884502877862838,1
1212,6,2,10,1.8617411444960947,1385,11,0.9431945538974952,1
1119,6,2,10,1.9492789020004804,1468,11,0.9431945538974952,1
1258,2,2,10,1.6548337176675467,1127,11,0.9431945538974952,1
1055,6,2,10,1.9651948579103686,1402,11,0.8884502877862838,1
1092,2,2,10,1.8736781114285108,1419,11,0.9431945538974952,1
1221,6,2,10,1.829909232676318,1310,11,0.9431945538974952,1
1044,2,2,10,1.7304345082395163,1222,11,0.9431945538974952,1
1193,2,2,10,1.8935730563158713,1513,11,0.9431945538974952,1
1187,2,2,10,2.0845645272345306,1474,11,0.8884502877862838,1
1158,6,2,10,1.817972265743902,1090,11,0.9431945538974952,1
1234,6,2,10,1.9214259791581758,1479,11,0.9431945538974952,1
1143,6,2,10,1.7622664200592928,1182,11,0.8884502877862838,1
1312,2,2,10,1.829909232676318,1455,11,0.9431945538974952,1
1106,6,2,10,1.8696991224510389,1304,11,0.8884502877862838,1
1140,2,2,10,2.0169217146175056,1466,11,0.9431945538974952,1
1123,2,2,10,1.8219512547213739,1189,11,0.8884502877862838,1
1160,6,2,10,1.8736781114285108,1441,11,0.8884502877862838,1
1238,2,2,10,1.817972265743902,1422,11,0.8884502877862838,1
1231,6,2,10,1.7821613649466532,1173,11,0.9431945538974952,1
1302,2,2,10,2.0209007035949775,1363,11,0.9431945538974952,1
1179,6,2,10,1.9811108138202569,1478,11,0.9431945538974952,1
1195,2,2,10,1.7344134972169882,1153,11,0.9431945538974952,1
1292,6,2,10,2.0010057587076173,1487,11,0.8884502877862838,1
1205,2,2,10,1.9174469901807036,1461,11,0.8884502877862838,1
1243,2,2,10,1.9492789020004804,1421,11,0.9431945538974952,1
1035,2,2,10,1.7304345082395163,1181,11,0.9431945538974952,1
1272,2,2,10,2.032837670527394,1646,11,0.8884502877862838,1
1331,6,2,10,2.028858681549922,1422,11,0.9431945538974952,1
1184,2,2,10,2.0129427256400336,1544,11,0.8884502877862838,1
1180,2,2,10,2.044774637,1464,11,0.9431945538974952,1
1296,6,2,10,2.036816659504866,1532,11,0.9431945538974952,1
1253,6,2,10,1.881636089383455,1618,11,0.8884502877862838,1
1147,2,2,10,1.6787076515323793,1176,11,0.9431945538974952,1
1281,6,2,10,1.8617411444960947,1601,11,0.9431945538974952,1
1305,2,2,10,2.1283334059867234,1631,11,0.8884502877862838,1
1209,6,2,10,1.9811108138202569,1637,11,0.8884502877862838,1
1254,2,2,10,2.032837670527394,1315,11,0.9431945538974952,1
1310,2,2,10,1.9612158689328965,1472,11,0.8884502877862838,1
1207,2,2,10,2.0567116043922264,1436,11,0.9431945538974952,1
1152,2,2,10,1.8736781114285108,1484,11,0.8884502877862838,1
1079,2,2,10,1.5633169711856891,1066,11,0.9431945538974952,1
1310,6,2,10,1.8975520452933432,1387,11,0.9431945538974952,1
1062,6,2,10,1.6707496735774352,1142,11,0.8884502877862838,1
1120,2,2,10,1.8935730563158713,1390,11,0.8884502877862838,1
1226,2,2,10,1.9452999130230082,1454,11,0.8884502877862838,1
1295,2,2,10,1.9970267697301451,1644,11,0.9431945538974952,1
1309,6,2,10,1.9134680012032317,1595,11,0.9431945538974952,1
1157,6,2,10,1.7861403539241252,1343,11,0.8884502877862838,1
1144,6,2,10,1.7940983318790693,1159,11,0.9431945538974952,1
1310,2,2,10,2.0049847476850893,1455,11,0.8884502877862838,1
1310,6,2,10,2.148228350874084,1577,11,0.8884502877862838,1
1134,6,2,10,1.7304345082395163,1380,11,0.8884502877862838,1
1143,6,2,10,1.7344134972169882,1210,11,0.9431945538974952,1
1290,6,2,10,1.941320924045536,1403,11,0.8884502877862838,1
1208,6,2,10,1.718497541,1431,11,0.9431945538974952,1
998,6,2,10,1.770224398014237,1198,11,0.8884502877862838,1
1153,6,2,10,2.032837670527394,1598,11,0.9431945538974952,1
1271,6,2,10,1.9691738468878406,1551,11,0.8884502877862838,1
1219,2,2,10,1.993047780752673,1543,11,0.9431945538974952,1
1034,2,2,10,1.7503294531268765,1161,11,0.8884502877862838,1
1265,6,2,10,2.0646695823471704,1374,11,0.8884502877862838,1
1055,2,2,10,1.937341935068064,1512,11,0.8884502877862838,1
1275,6,2,10,1.8657201334735667,1303,11,0.9431945538974952,1
1227,6,2,10,1.8219512547213739,1368,11,0.9431945538974952,1
1186,6,2,10,1.7463504641494045,1233,11,0.9431945538974952,1
1281,2,2,10,2.092522505189475,1676,11,0.9431945538974952,1
1269,2,2,10,2.132312394964196,1481,11,0.8884502877862838,1
1151,6,2,10,1.7344134972169882,1354,11,0.8884502877862838,1
1195,2,2,10,1.8736781114285108,1274,11,0.9431945538974952,1
1093,2,2,10,1.8537831665411504,1441,11,0.9431945538974952,1
1089,2,2,10,2.0567116043922264,1381,11,0.8884502877862838,1
1334,6,2,10,2.188018240648805,1530,11,0.9431945538974952,1
1241,2,2,10,1.829909232676318,1373,11,0.9431945538974952,1
1145,6,2,10,1.8696991224510389,1537,11,0.8884502877862838,1
1253,2,2,10,1.9254049681356478,1380,11,0.8884502877862838,1
1223,2,2,10,2.108438461099363,1632,11,0.9431945538974952,1
1146,6,2,10,1.6906446184647954,1179,11,0.9431945538974952,1
1138,2,2,10,1.8458251885862063,1381,11,0.9431945538974952,1
1164,2,2,10,1.8219512547213739,1351,11,0.9431945538974952,1
1154,6,2,10,2.1362913839416677,1444,11,0.9431945538974952,1
1176,6,2,10,2.0129427256400336,1626,11,0.8884502877862838,1
1169,2,2,10,2.0805855382570586,1517,11,0.8884502877862838,1
1155,2,2,10,1.8856150783609271,1442,11,0.8884502877862838,1
1225,2,2,10,1.817972265743902,1339,11,0.9431945538974952,1
1167,2,2,10,1.7622664200592928,1199,11,0.8884502877862838,1
1175,2,2,10,2.0049847476850893,1385,11,0.9431945538974952,1
1274,6,2,10,1.9015310342708154,1427,11,0.9431945538974952,1
1307,6,2,10,1.8537831665411504,1634,11,0.9431945538974952,1
1222,2,2,10,2.0845645272345306,1498,11,0.8884502877862838,1
1087,6,2,10,1.7622664200592928,1159,11,0.9431945538974952,1
1238,6,2,10,2.0248796925724495,1409,11,0.8884502877862838,1
1269,2,2,10,1.9015310342708154,1394,11,0.9431945538974952,1
1182,6,2,10,1.9850898027977288,1332,11,0.8884502877862838,1
1256,2,2,10,1.877657100405983,1416,11,0.8884502877862838,1
1158,2,2,10,1.8935730563158713,1427,11,0.9431945538974952,1
1253,2,2,10,1.9015310342708154,1541,11,0.8884502877862838,1
1326,2,2,10,1.9850898027977288,1607,11,0.8884502877862838,1
1297,2,2,10,2.0169217146175056,1580,11,0.9431945538974952,1
1217,2,2,10,1.7543084421043487,1370,11,0.9431945538974952,1
1064,2,2,10,1.7344134972169882,1125,11,0.9431945538974952,1
1267,2,2,10,1.8060352988114856,1504,11,0.9431945538974952,1
1255,2,2,10,1.9651948579103686,1132,11,0.9431945538974952,1
1147,6,2,10,1.774203386991709,1300,11,0.9431945538974952,1
1348,6,2,10,2.247703075310886,1704,11,0.8884502877862838,1
1123,6,2,10,1.774203386991709,1226,11,0.9431945538974952,1
1267,2,2,10,2.0726275603021147,1778,11,0.8884502877862838,1
1162,2,2,10,1.8219512547213739,1151,11,0.8884502877862838,1
1087,2,2,10,2.048753626437282,1343,11,0.8884502877862838,1
1161,2,2,10,1.555358993230745,1438,11,0.9431945538974952,1
1197,6,2,10,1.9015310342708154,1257,11,0.8884502877862838,1
1185,6,2,10,1.7423714751719324,1111,11,0.9431945538974952,1
1272,6,2,10,2.0129427256400336,1663,11,0.9431945538974952,1
1095,6,2,10,1.7025815853972117,1431,11,0.8884502877862838,1
1206,2,2,10,1.9771318248427847,1489,11,0.8884502877862838,1
994,6,2,10,1.7383924861944604,1398,11,0.8884502877862838,1
1160,6,2,10,1.989068791775201,1524,11,0.9431945538974952,1
1157,2,2,10,1.8617411444960947,1380,11,0.9431945538974952,1
1005,6,2,10,1.7543084421043487,1173,11,0.8884502877862838,1
1262,2,2,10,1.889594067338399,1463,11,0.9431945538974952,1
1143,6,2,10,1.817972265743902,1380,11,0.9431945538974952,1
1102,6,2,10,1.9452999130230082,1395,11,0.9431945538974952,1
1131,2,2,10,2.040795648482338,1386,11,0.8884502877862838,1
1140,2,2,10,1.774203386991709,1321,11,0.8884502877862838,1
1194,6,2,10,1.8696991224510389,1381,11,0.9431945538974952,1
1239,6,2,10,1.933362946090592,1311,11,0.8884502877862838,1
1314,2,2,10,1.8657201334735667,1443,11,0.9431945538974952,1
1277,2,2,10,2.0646695823471704,1718,11,0.8884502877862838,1
1229,2,2,10,1.989068791775201,1411,11,0.9431945538974952,1
1314,6,2,10,2.104459472121891,1767,11,0.8884502877862838,1
1031,6,2,10,1.8617411444960947,1416,11,0.9431945538974952,1
1295,2,2,10,1.8657201334735667,1487,11,0.8884502877862838,1
1187,2,2,10,2.048753626437282,1439,11,0.8884502877862838,1
1285,2,2,10,1.8935730563158713,1402,11,0.8884502877862838,1
1132,2,2,10,1.889594067338399,1423,11,0.9431945538974952,1
1082,2,2,10,1.7622664200592928,1449,11,0.9431945538974952,1
1167,2,2,10,1.9174469901807036,1484,11,0.9431945538974952,1
1265,6,2,10,2.156186328829028,1585,11,0.9431945538974952,1
1264,6,2,10,1.9572368799554245,1595,11,0.9431945538974952,1
1051,2,2,10,1.9612158689328965,1406,11,0.8884502877862838,1
1284,6,2,10,2.0049847476850893,1690,11,0.8884502877862838,1
1150,6,2,10,1.8975520452933432,1340,11,0.8884502877862838,1
1160,2,2,10,1.9055100232482876,1375,11,0.9431945538974952,1
1234,2,2,10,1.9254049681356478,1525,11,0.8884502877862838,1
1203,2,2,10,1.9811108138202569,1184,11,0.8884502877862838,1
1093,6,2,10,1.7304345082395163,1480,11,0.8884502877862838,1
1237,6,2,10,1.9691738468878406,1400,11,0.9431945538974952,1
1036,6,2,10,1.6309597838027143,1345,11,0.9431945538974952,1
1209,2,2,10,2.0169217146175056,1461,11,0.9431945538974952,1
1069,2,2,10,1.7065605743746837,1273,11,0.9431945538974952,1
1205,2,2,10,2.0209007035949775,1426,11,0.8884502877862838,1
1092,6,2,10,1.6468757397126026,1208,11,0.9431945538974952,1
1188,6,2,10,1.8100142877889578,1256,11,0.9431945538974952,1
1368,6,2,10,1.9452999130230082,1617,11,0.9431945538974952,1
1179,2,2,10,1.9651948579103686,1674,11,0.9431945538974952,1
1064,2,2,10,1.6946236074422676,1383,11,0.9431945538974952,1
1217,2,2,10,1.7582874310818206,1472,11,0.8884502877862838,1
1180,6,2,10,1.9651948579103686,1340,11,0.8884502877862838,1
1286,6,2,10,2.132312394964196,1826,11,0.8884502877862838,1
1204,2,2,10,1.8696991224510389,1400,11,0.8884502877862838,1
1316,6,2,10,2.1760812737163886,1584,11,0.8884502877862838,1
1341,2,2,10,2.2238291414460534,1816,11,0.8884502877862838,1
1240,2,2,10,2.092522505189475,1633,11,0.9431945538974952,1
1283,6,2,10,2.0248796925724495,1602,11,0.8884502877862838,1
1127,6,2,10,1.766245409036765,1313,11,0.9431945538974952,1
1221,6,2,10,1.9174469901807036,1482,11,0.8884502877862838,1
1207,2,2,10,1.9492789020004804,1433,11,0.9431945538974952,1
1153,6,2,10,1.8617411444960947,1584,11,0.9431945538974952,1
1128,6,2,10,1.7980773208565415,1176,11,0.9431945538974952,1
1251,2,2,10,1.9651948579103686,1276,11,0.8884502877862838,1
1261,2,2,10,1.877657100405983,1331,11,0.9431945538974952,1
1130,2,2,10,1.6349387727801865,1351,11,0.8884502877862838,1
1281,6,2,10,2.0169217146175056,1371,11,0.8884502877862838,1
1006,6,2,10,1.8975520452933432,1172,11,0.9431945538974952,1
1249,6,2,10,1.9094890122257595,1289,11,0.8884502877862838,1
1288,6,2,10,1.9651948579103686,1599,11,0.9431945538974952,1
1301,6,2,10,2.0169217146175056,1689,11,0.9431945538974952,1
1298,2,2,10,2.096501494166947,1579,11,0.8884502877862838,1
1305,6,2,10,2.0169217146175056,1345,11,0.9431945538974952,1
1265,6,2,10,2.104459472121891,1694,11,0.9431945538974952,1
1155,2,2,10,2.044774637,1527,11,0.8884502877862838,1
1070,2,2,10,1.825930243698846,1516,11,0.8884502877862838,1
1133,6,2,10,1.7304345082395163,1414,11,0.8884502877862838,1
1165,2,2,10,2.0089637366625612,1453,11,0.9431945538974952,1
1315,2,2,10,2.1362913839416677,1537,11,0.8884502877862838,1
1205,2,2,10,1.929383957,1410,11,0.9431945538974952,1
1093,6,2,10,1.9532578909779523,1306,11,0.9431945538974952,1
1347,6,2,10,1.8856150783609271,1522,11,0.8884502877862838,1
1081,6,2,10,1.8139932767664297,1078,11,0.8884502877862838,1
1209,6,2,10,1.8617411444960947,1419,11,0.9431945538974952,1
1050,2,2,10,1.7582874310818206,1263,11,0.9431945538974952,1
1030,6,0,10,2.032837670527394,1780,11,0.8884502877862838,1
730,6,0,10,1.829909232676318,1267,11,0.8884502877862838,1
660,6,0,10,1.829909232676318,1342,11,0.9431945538974952,1
876,2,0,10,2.152207339851556,1584,11,0.9431945538974952,1
835,2,0,10,1.6866656294873235,1260,11,0.8884502877862838,1
1052,6,0,10,2.1203754280317795,1879,11,0.8884502877862838,1
854,6,0,10,1.8935730563158713,1387,11,0.8884502877862838,1
760,6,0,10,1.8657201334735667,1392,11,0.8884502877862838,1
678,6,0,10,1.6906446184647954,1181,11,0.8884502877862838,1
840,2,0,10,2.0606905933696984,1428,11,0.9431945538974952,1
882,6,0,10,1.8856150783609271,1441,11,0.9431945538974952,1
738,2,0,10,1.6986025964197395,1357,11,0.8884502877862838,1
666,6,0,10,1.8935730563158713,1534,11,0.9431945538974952,1
738,2,0,10,1.8020563098340134,1390,11,0.9431945538974952,1
858,6,0,10,1.8100142877889578,1404,11,0.9431945538974952,1
903,2,0,10,2.247703075310886,1818,11,0.8884502877862838,1
740,2,0,10,1.9094890122257595,1489,11,0.9431945538974952,1
987,2,0,10,1.9811108138202569,1572,11,0.9431945538974952,1
792,2,0,10,1.5991278719829378,1319,11,0.8884502877862838,1
826,2,0,10,1.9771318248427847,1450,11,0.9431945538974952,1
830,2,0,10,1.8736781114285108,1415,11,0.9431945538974952,1
836,2,0,10,1.929383957,1332,11,0.8884502877862838,1
855,2,0,10,1.9094890122257595,1525,11,0.8884502877862838,1
816,6,0,10,2.0845645272345306,1480,11,0.8884502877862838,1
721,6,0,10,1.774203386991709,1174,11,0.9431945538974952,1
988,2,0,10,2.052732615414754,1649,11,0.9431945538974952,1
914,2,0,10,2.028858681549922,1523,11,0.9431945538974952,1
1013,6,0,10,2.096501494166947,1489,11,0.8884502877862838,1
1013,2,0,10,1.9214259791581758,1464,11,0.8884502877862838,1
858,6,0,10,2.0686485713246423,1509,11,0.9431945538974952,1
847,2,0,10,1.8060352988114856,1182,11,0.9431945538974952,1
769,6,0,10,1.7861403539241252,1426,11,0.9431945538974952,1
870,6,0,10,1.937341935068064,1473,11,0.8884502877862838,1
997,2,0,10,2.1243544170092514,1722,11,0.9431945538974952,0
914,2,0,10,1.4757792136813035,1418,11,0.8884502877862838,0
865,2,0,10,2.104459472121891,1971,11,0.9431945538974952,0
841,6,0,10,2.0248796925724495,1384,11,0.8884502877862838,0
914,6,0,10,0.6600864732995283,1453,11,0.8884502877862838,0
795,6,0,10,0.9943215474071825,1249,11,0.8884502877862838,0
1005,2,0,10,2.860467377841585,2036,11,0.8884502877862838,0
723,2,0,10,1.555358993230745,1473,11,0.9431945538974952,0
685,2,0,10,1.1176702057088168,1329,11,0.9431945538974952,0
858,6,0,10,2.4904214029366822,1742,11,0.8884502877862838,0
865,2,0,10,2.188018240648805,1731,11,0.9431945538974952,0
839,6,0,10,1.8736781114285108,1646,11,0.9431945538974952,0
1010,6,0,10,2.247703075310886,2095,11,0.8884502877862838,0
895,2,0,10,1.619022816870298,1586,11,0.8884502877862838,0
885,2,0,10,1.8657201334735667,1568,11,0.8884502877862838,0
979,6,0,10,2.4028836454322966,1706,11,0.9431945538974952,0
1110,6,0,10,2.733139730562479,1868,11,0.8884502877862838,0
1086,6,0,10,2.291471954063079,1728,11,0.9431945538974952,0
813,2,0,10,1.5195480924334963,1210,11,0.8884502877862838,0
737,2,0,10,1.2728507758302277,1488,11,0.8884502877862838,0
672,6,0,10,1.1455231285511214,1671,11,0.8884502877862838,0
504,6,0,10,1.0540063820692636,1497,11,0.9431945538974952,0
847,2,0,10,1.8458251885862063,1441,11,0.9431945538974952,0
970,6,0,10,2.5660221935086516,1487,11,0.9431945538974952,0
1211,2,0,10,2.3989046564548246,1891,11,0.9431945538974952,0
767,6,0,10,1.6309597838027143,1708,11,0.9431945538974952,0
964,2,0,10,2.3869676895224083,1527,11,0.8884502877862838,0
954,6,0,10,2.6654969179454535,2042,11,0.8884502877862838,0
1037,6,0,10,1.5235270814109683,1511,11,0.8884502877862838,0
1051,2,0,10,2.3272828548603273,2159,11,0.8884502877862838,0
880,2,0,10,2.203934196558693,1665,11,0.8884502877862838,0
1005,6,0,10,2.749055686472367,2055,11,0.8884502877862838,0
1017,2,0,10,1.5752539381181052,1406,11,0.8884502877862838,0
1108,2,0,10,2.5501062375987633,1997,11,0.8884502877862838,0
783,6,0,10,2.418799601342185,1984,11,0.8884502877862838,0
876,6,0,10,1.7065605743746837,1460,11,0.8884502877862838,0
1002,6,0,10,1.1296071726412331,1298,11,0.8884502877862838,0
914,2,0,10,2.2954509430405508,1993,11,0.9431945538974952,0
965,2,0,10,1.6230018058477702,1457,11,0.8884502877862838,0
922,2,0,10,1.9651948579103686,1601,11,0.9431945538974952,0
1089,2,0,10,2.188018240648805,1770,11,0.9431945538974952,0
1123,6,0,10,2.3034089209954947,1616,11,0.9431945538974952,0
1110,2,0,10,1.5513800042532728,1480,11,0.8884502877862838,0
706,2,0,10,1.5633169711856891,1292,11,0.8884502877862838,0
875,6,0,10,1.615043827892826,1261,11,0.8884502877862838,0
1214,6,0,10,2.4546105021394338,1487,11,0.8884502877862838,0
1164,2,0,10,1.9850898027977288,1546,11,0.9431945538974952,0
657,6,0,10,0.863014911,1140,11,0.8884502877862838,0
894,2,0,10,1.1455231285511214,1573,11,0.8884502877862838,0
733,6,0,10,1.2131659411681466,1603,11,0.8884502877862838,0
868,6,0,10,1.5195480924334963,1431,11,0.9431945538974952,0
1164,2,0,10,2.7729296203371994,2305,11,0.8884502877862838,0
1112,6,0,10,2.311366898950439,1812,11,0.9431945538974952,0
1046,6,0,10,2.367072744635048,1727,11,0.8884502877862838,0
982,2,0,10,1.7543084421043487,1987,11,0.9431945538974952,0
917,2,0,10,2.796803554202032,2056,11,0.9431945538974952,0
1235,6,0,10,2.3034089209954947,1747,11,0.8884502877862838,0
1265,2,0,10,1.9612158689328965,1932,11,0.9431945538974952,0
974,6,0,10,2.434715557252073,1702,11,0.9431945538974952,0
969,6,0,10,1.9771318248427847,1897,11,0.9431945538974952,0
656,2,0,10,1.4320103349291107,1282,11,0.9431945538974952,0
631,2,0,10,0.6919183851193049,1472,11,0.8884502877862838,0
648,2,0,10,1.185313018325842,1556,11,0.8884502877862838,0
872,6,0,10,1.718497541,1509,11,0.9431945538974952,0
1072,2,0,10,2.414820612364713,1718,11,0.9431945538974952,0
1060,6,0,10,1.6508547286900748,1534,11,0.9431945538974952,0
822,6,0,10,2.6097910722608444,1557,11,0.8884502877862838,0
609,6,0,10,1.3404935884472529,1303,11,0.8884502877862838,0
1254,2,0,10,2.3352408328152716,1766,11,0.8884502877862838,0
972,6,0,10,2.3989046564548246,1864,11,0.9431945538974952,0
813,6,0,10,1.8458251885862063,1518,11,0.9431945538974952,0
1020,6,0,10,2.526232303733931,1788,11,0.9431945538974952,0
1030,2,0,10,1.6787076515323793,1996,11,0.8884502877862838,0
1027,6,0,10,2.211892174513637,2025,11,0.8884502877862838,0
985,2,0,10,2.2238291414460534,1315,11,0.8884502877862838,0
876,6,0,10,1.9731528358653128,1764,11,0.8884502877862838,0
637,2,0,10,0.9585106466099339,1049,11,0.9431945538974952,0
891,6,0,10,2.430736568274601,1946,11,0.9431945538974952,0
760,2,0,10,2.0845645272345306,1673,11,0.9431945538974952,0
794,6,0,10,2.4546105021394338,1872,11,0.8884502877862838,0
719,6,0,10,1.0699223379791518,1002,11,0.9431945538974952,0
1005,2,0,10,3.182765485016823,2158,11,0.9431945538974952,0
798,2,0,10,1.5991278719829378,1522,11,0.9431945538974952,0
890,2,0,10,2.6495809620355653,2096,11,0.8884502877862838,0
916,2,0,10,2.032837670527394,1836,11,0.8884502877862838,0
1189,2,0,10,2.530211292711403,1956,11,0.9431945538974952,0
775,6,0,10,1.9731528358653128,1898,11,0.9431945538974952,0
956,6,0,10,3.278261220476153,2053,11,0.8884502877862838,0
1095,6,0,10,1.4638422467488872,1651,11,0.9431945538974952,0
866,6,0,10,2.7172237746525907,1874,11,0.8884502877862838,0
1040,6,0,10,2.466547469,1861,11,0.9431945538974952,0
935,6,0,10,2.251682064288358,1648,11,0.9431945538974952,0
738,6,0,10,1.2648927978752835,1683,11,0.8884502877862838,0
947,2,0,10,1.5951488830054656,1568,11,0.9431945538974952,0
830,2,0,10,0.9863635694522384,1225,11,0.8884502877862838,0
735,2,0,10,1.778182375969181,1495,11,0.8884502877862838,0
979,2,0,10,1.619022816870298,1386,11,0.9431945538974952,0
1003,6,0,10,2.6177490502157887,2040,11,0.8884502877862838,0
925,2,0,10,1.9612158689328965,1419,11,0.8884502877862838,0
645,6,0,10,1.447926290838999,1547,11,0.9431945538974952,0
956,6,0,10,1.7105395633521558,1671,11,0.8884502877862838,0
701,6,0,10,2.3829887005449364,2199,11,0.8884502877862838,0
763,2,0,10,1.244997852987923,1089,11,0.9431945538974952,0
817,6,0,10,1.0261534592269592,1267,11,0.9431945538974952,0
761,2,0,10,1.4598632577714152,1203,11,0.8884502877862838,0
824,6,0,10,1.567295960163161,1475,11,0.8884502877862838,0
880,6,0,10,2.1203754280317795,1684,11,0.8884502877862838,0
830,6,0,10,2.207913185536165,1902,11,0.9431945538974952,0
1107,6,0,10,3.341925044115706,2288,11,0.9431945538974952,0
1462,6,0,10,2.955963113300915,2166,11,0.9431945538974952,0
1178,6,0,10,2.2198501524685814,1736,11,0.8884502877862838,0
1145,2,0,10,1.3882414561769179,1410,11,0.8884502877862838,0
1092,2,0,10,3.059416826715189,2180,11,0.8884502877862838,0
660,6,0,10,0.083984465,854,11,0.8884502877862838,0
1096,6,0,10,2.1163964390543075,1636,11,0.9431945538974952,0
515,6,0,10,1.3842624671994457,1278,11,0.8884502877862838,0
650,2,0,10,1.9055100232482876,1326,11,0.8884502877862838,0
1199,6,0,10,2.7609926534047835,1806,11,0.8884502877862838,0
774,6,0,10,1.7463504641494045,1680,11,0.8884502877862838,0
1120,2,0,10,3.0435008708053006,1973,11,0.9431945538974952,0
1202,6,0,10,1.9572368799554245,1970,11,0.9431945538974952,0
1224,6,0,10,2.3829887005449364,2141,11,0.8884502877862838,0
981,6,0,10,2.1999552075812208,2019,11,0.8884502877862838,0
877,2,0,10,1.3882414561769179,1471,11,0.9431945538974952,0
823,2,0,10,1.817972265743902,1428,11,0.9431945538974952,0
910,6,0,10,1.7065605743746837,1512,11,0.8884502877862838,0
1030,2,0,10,1.933362946090592,1764,11,0.8884502877862838,0
950,6,0,10,1.6986025964197395,1494,11,0.8884502877862838,0
984,2,0,10,2.4585894911169057,1793,11,0.9431945538974952,0
967,6,0,10,1.619022816870298,1694,11,0.9431945538974952,0
863,6,0,10,1.0818593049115681,1526,11,0.9431945538974952,0
1140,6,0,10,2.4625684800943777,1664,11,0.9431945538974952,0
886,2,0,10,1.6906446184647954,1659,11,0.8884502877862838,0
1075,2,0,10,2.104459472121891,1499,11,0.9431945538974952,0
912,2,0,10,1.8060352988114856,1620,11,0.9431945538974952,0
1050,6,0,10,2.3989046564548246,2053,11,0.8884502877862838,0
813,2,0,10,1.567295960163161,1491,11,0.8884502877862838,0
872,2,0,10,1.5235270814109683,1627,11,0.8884502877862838,0
975,2,0,10,0.9425946907000455,1517,11,0.8884502877862838,0
739,2,0,10,1.937341935068064,1429,11,0.9431945538974952,0
839,6,0,10,1.5275060703884404,1571,11,0.9431945538974952,0
948,6,0,10,2.0169217146175056,1739,11,0.9431945538974952,0
742,6,0,10,1.726455519262044,1589,11,0.8884502877862838,0
1276,2,0,10,2.3431988107702155,1735,11,0.9431945538974952,0
829,2,0,10,0.9943215474071825,1546,11,0.8884502877862838,0
741,6,0,10,1.9214259791581758,1531,11,0.8884502877862838,0
1238,2,0,10,1.5911698940279937,1837,11,0.8884502877862838,0
943,6,0,10,1.0301324482044312,1405,11,0.8884502877862838,0
999,6,0,10,2.5540852265762357,1616,11,0.9431945538974952,0
952,2,0,10,2.3989046564548246,2024,11,0.9431945538974952,0
512,6,0,10,1.778182375969181,1630,11,0.8884502877862838,0
710,6,0,10,1.233060886055507,1536,11,0.8884502877862838,0
1052,6,0,10,1.8338882216537902,1548,11,0.8884502877862838,0
845,2,0,10,1.396199434131862,1535,11,0.9431945538974952,0
1031,2,0,10,2.271577009175718,1847,11,0.9431945538974952,0
837,2,0,10,1.726455519262044,1811,11,0.9431945538974952,0
776,2,0,10,1.4280313459516385,1780,11,0.8884502877862838,0
923,6,0,10,1.9970267697301451,1554,11,0.8884502877862838,0
900,2,0,10,2.172102284738916,1571,11,0.8884502877862838,0
976,2,0,10,2.0606905933696984,1794,11,0.8884502877862838,0
866,6,0,10,2.259640042243302,1784,11,0.9431945538974952,0
789,2,0,10,0.47307399135834083,1304,11,0.8884502877862838,0
1084,6,0,10,1.6986025964197395,1686,11,0.9431945538974952,0
756,2,0,10,1.5314850593659124,1307,11,0.9431945538974952,0
1042,6,0,10,1.5633169711856891,1759,11,0.8884502877862838,0
1163,6,0,10,2.6018330943059005,1854,11,0.8884502877862838,0
1093,6,0,10,1.8458251885862063,1837,11,0.8884502877862838,0
660,6,0,10,1.9811108138202569,1631,11,0.8884502877862838,0
783,2,0,10,2.096501494166947,1423,11,0.8884502877862838,0
722,2,0,10,2.900257267616306,1920,11,0.8884502877862838,0
958,6,0,10,1.5911698940279937,1427,11,0.9431945538974952,0
1069,2,0,10,1.8935730563158713,1670,11,0.9431945538974952,0
855,2,0,10,1.0022795253621266,1455,11,0.8884502877862838,0
1104,2,0,10,1.7423714751719324,1902,11,0.9431945538974952,0
798,2,0,10,2.211892174513637,1640,11,0.8884502877862838,0
1113,2,0,10,2.7609926534047835,2066,11,0.8884502877862838,0
1157,6,0,10,2.5580642155537077,1654,11,0.9431945538974952,0
1204,6,0,10,3.234492342,1882,11,0.8884502877862838,0
960,6,0,10,1.941320924045536,1481,11,0.8884502877862838,0
890,2,0,10,1.5752539381181052,1704,11,0.8884502877862838,0
826,2,0,10,2.0049847476850893,1623,11,0.8884502877862838,0
1082,6,0,10,1.7582874310818206,1699,11,0.9431945538974952,0
757,2,0,10,1.6468757397126026,1470,11,0.9431945538974952,0
704,2,0,10,1.9612158689328965,1611,11,0.9431945538974952,0
716,2,0,10,1.3205986435598926,1426,11,0.9431945538974952,0
949,6,0,10,1.5633169711856891,1525,11,0.9431945538974952,0
978,6,0,10,1.619022816870298,1591,11,0.9431945538974952,0
974,2,0,10,2.307387909972967,1742,11,0.9431945538974952,0
907,6,0,10,1.0380904261593753,1710,11,0.9431945538974952,0
973,2,0,10,2.792824565,1830,11,0.8884502877862838,0
1108,6,0,10,1.6548337176675467,1588,11,0.8884502877862838,0
922,2,0,10,2.414820612364713,1994,11,0.8884502877862838,0
720,6,0,10,1.8856150783609271,1844,11,0.8884502877862838,0
820,2,0,10,2.430736568274601,1824,11,0.8884502877862838,0
748,2,0,10,1.8657201334735667,1313,11,0.8884502877862838,0
947,6,0,10,1.6309597838027143,1435,11,0.8884502877862838,0
1084,2,0,10,1.7543084421043487,1356,11,0.8884502877862838,0
1210,2,0,10,2.271577009175718,1748,11,0.8884502877862838,0
1017,6,0,10,1.4160943790192224,1323,11,0.8884502877862838,0
1184,6,0,10,2.5620432045311796,1863,11,0.9431945538974952,0
884,6,0,10,1.5712749491406333,1615,11,0.8884502877862838,0
967,6,0,10,1.4598632577714152,1575,11,0.9431945538974952,0
697,2,0,10,0.8948468229703807,1478,11,0.8884502877862838,0
1182,6,0,10,2.3431988107702155,1882,11,0.9431945538974952,0
1200,6,0,10,2.0567116043922264,1622,11,0.8884502877862838,0
943,2,0,10,2.4386945462295455,1993,11,0.9431945538974952,0
896,2,0,10,1.6986025964197395,1642,11,0.9431945538974952,0
937,2,0,10,1.7940983318790693,1441,11,0.9431945538974952,0
1146,2,0,10,1.9174469901807036,1708,11,0.8884502877862838,0
602,2,0,10,1.7861403539241252,1591,11,0.8884502877862838,0
958,6,0,10,2.1283334059867234,1728,11,0.9431945538974952,0
1053,6,0,10,1.455884268793943,1528,11,0.8884502877862838,0
946,2,0,10,1.0341114371819033,1417,11,0.8884502877862838,0
1007,6,0,10,2.1402703729191397,1814,11,0.8884502877862838,0
1045,6,0,10,2.251682064288358,1697,11,0.9431945538974952,0
1131,2,0,10,2.4506315131619614,1755,11,0.8884502877862838,0
968,2,0,10,1.447926290838999,1715,11,0.8884502877862838,0
574,2,0,10,1.611064838915354,1730,11,0.8884502877862838,0
1124,6,0,10,2.4625684800943777,1784,11,0.9431945538974952,0
1031,6,0,10,1.7145185523296278,1807,11,0.9431945538974952,0
1014,6,0,10,2.363093755657576,1750,11,0.9431945538974952,0
1245,2,0,10,2.251682064288358,2115,11,0.8884502877862838,0
1279,2,0,10,1.817972265743902,1586,11,0.9431945538974952,0
895,2,0,10,2.2437240863334136,1751,11,0.9431945538974952,0
1051,2,0,10,1.3603885333346133,1569,11,0.9431945538974952,0
1240,2,0,10,1.8935730563158713,1514,11,0.9431945538974952,0
916,6,0,10,1.607085849937882,1440,11,0.9431945538974952,0
1000,6,0,10,1.6986025964197395,1731,11,0.9431945538974952,0
1016,6,0,10,1.8378672106312621,1768,11,0.9431945538974952,0
869,6,0,10,1.5474010152758009,1577,11,0.9431945538974952,0
999,6,0,10,2.2874929650856064,1945,11,0.9431945538974952,0
990,6,0,10,2.3034089209954947,1806,11,0.9431945538974952,0
658,2,0,10,1.3245776325373646,1392,11,0.9431945538974952,0
1140,2,0,10,2.4625684800943777,1835,11,0.9431945538974952,0
703,6,0,10,1.447926290838999,1446,11,0.9431945538974952,0
1161,6,0,10,2.1243544170092514,1989,11,0.8884502877862838,0
900,6,0,10,1.615043827892826,1964,11,0.8884502877862838,0
691,2,0,10,1.3683465112895574,1401,11,0.8884502877862838,0
634,2,0,10,1.3007036986725322,1247,11,0.8884502877862838,0
963,6,0,10,2.088543516212003,1886,11,0.9431945538974952,0
1097,2,0,10,1.0659433490016799,1414,11,0.9431945538974952,0
1132,2,0,10,2.211892174513637,1848,11,0.9431945538974952,0
1192,2,0,10,2.510316347824043,2063,11,0.8884502877862838,0
1050,2,0,10,2.1283334059867234,2052,11,0.8884502877862838,0
1214,6,0,10,1.726455519262044,1807,11,0.8884502877862838,0
933,6,0,10,1.6428967507351306,1534,11,0.9431945538974952,0
941,6,0,10,1.292745720717588,1773,11,0.9431945538974952,0
1027,6,0,10,2.3790097115674644,1722,11,0.8884502877862838,0
1331,6,0,10,3.1509335731970465,2243,11,0.8884502877862838,0
1119,2,0,10,1.7304345082395163,1736,11,0.8884502877862838,0
1279,6,0,10,2.904236256593778,2154,11,0.8884502877862838,0
977,6,0,10,1.7543084421043487,1533,11,0.8884502877862838,0
542,6,0,10,1.9015310342708154,1756,11,0.9431945538974952,0
1001,6,0,10,2.514295336801515,2036,11,0.8884502877862838,0
1020,6,0,10,1.4121153900417502,1847,11,0.9431945538974952,0
902,2,0,10,1.4160943790192224,1308,11,0.8884502877862838,0
791,2,0,10,0.4929689362457012,1569,11,0.9431945538974952,0
889,2,0,10,1.3166196545824205,1200,11,0.8884502877862838,0
919,6,0,10,1.2052079632132024,1270,11,0.8884502877862838,0
1319,2,0,10,2.800782543179504,1995,11,0.9431945538974952,0
953,2,0,10,1.6707496735774352,1888,11,0.9431945538974952,0
893,2,0,10,2.0726275603021147,1746,11,0.8884502877862838,0
1051,2,0,10,2.418799601342185,1868,11,0.8884502877862838,0
1187,6,0,10,2.040795648482338,1982,11,0.9431945538974952,0
953,6,0,10,1.941320924045536,1827,11,0.8884502877862838,0
983,2,0,10,0.9863635694522384,1304,11,0.9431945538974952,0
626,2,0,10,1.4320103349291107,1339,11,0.9431945538974952,0
1107,2,0,10,2.359114766680104,1682,11,0.9431945538974952,0
702,6,0,10,1.7503294531268765,1546,11,0.9431945538974952,0
973,6,0,10,2.581938149,2215,11,0.8884502877862838,0
1117,2,0,10,1.889594067338399,1694,11,0.8884502877862838,0
905,6,0,10,1.7224765302845721,1631,11,0.9431945538974952,0
984,2,0,10,1.396199434131862,1869,11,0.8884502877862838,0
776,6,0,10,1.3564095443571413,1511,11,0.8884502877862838,0
965,2,0,10,1.2211239191230907,1469,11,0.8884502877862838,0
884,6,0,10,2.040795648482338,1396,11,0.9431945538974952,0
1172,6,0,10,1.766245409036765,1509,11,0.9431945538974952,0
775,2,0,10,1.2410188640104511,1322,11,0.8884502877862838,0
835,2,0,10,1.8856150783609271,1679,11,0.8884502877862838,0
1175,6,0,10,1.9214259791581758,1643,11,0.9431945538974952,0
953,6,0,10,2.048753626437282,1611,11,0.9431945538974952,0
1075,6,0,10,2.2755559981531905,1786,11,0.8884502877862838,0
976,2,0,10,2.0129427256400336,1866,11,0.8884502877862838,0
910,6,0,10,1.8338882216537902,1673,11,0.8884502877862838,0
784,2,0,10,1.6906446184647954,1572,11,0.9431945538974952,0
872,2,0,10,1.5712749491406333,1648,11,0.8884502877862838,0
928,6,0,10,2.0010057587076173,2051,11,0.9431945538974952,0
1145,6,0,10,2.211892174513637,1855,11,0.8884502877862838,0
988,6,0,10,2.3034089209954947,1950,11,0.9431945538974952,0
1073,2,0,10,1.619022816870298,1556,11,0.9431945538974952,0
870,2,0,10,2.430736568274601,1934,11,0.8884502877862838,0
922,6,0,10,2.3869676895224083,2059,11,0.8884502877862838,0
1170,2,0,10,2.2636190312207742,1814,11,0.8884502877862838,0
866,6,0,10,1.8856150783609271,1517,11,0.9431945538974952,0
621,2,0,10,1.3763044892445015,1404,11,0.9431945538974952,0
1095,2,0,10,2.430736568274601,1811,11,0.9431945538974952,0
1076,6,0,10,2.7172237746525907,2066,11,0.8884502877862838,0
915,6,0,10,2.052732615414754,1875,11,0.9431945538974952,0
1012,6,0,10,1.9612158689328965,1709,11,0.8884502877862838,0
1057,2,0,10,2.044774637,2099,11,0.8884502877862838,0
985,2,0,10,2.3233038658828553,1850,11,0.9431945538974952,0
1046,2,0,10,2.689370851810286,1874,11,0.8884502877862838,0
1131,2,0,10,2.514295336801515,2039,11,0.9431945538974952,0
1127,6,0,10,2.211892174513637,1481,11,0.8884502877862838,0
913,2,0,10,1.8856150783609271,1707,11,0.9431945538974952,0
1125,6,0,10,2.367072744635048,1937,11,0.8884502877862838,0
977,6,0,10,2.211892174513637,1442,11,0.8884502877862838,0
792,6,0,10,1.9612158689328965,1769,11,0.9431945538974952,0
1090,2,0,10,2.494400391914154,2054,11,0.8884502877862838,0
1068,6,0,10,2.7808875982921437,1712,11,0.8884502877862838,0
1122,6,0,10,1.5792329270955774,1354,11,0.8884502877862838,0
910,2,0,10,2.3431988107702155,1652,11,0.9431945538974952,0
1035,6,0,10,2.172102284738916,1849,11,0.9431945538974952,0
902,6,0,10,2.2238291414460534,1828,11,0.8884502877862838,0
691,2,0,10,1.658812706645019,1448,11,0.8884502877862838,0
1087,2,0,10,1.7304345082395163,1456,11,0.9431945538974952,0
767,2,0,10,1.495674158568664,1440,11,0.8884502877862838,0
891,2,0,10,1.237039875032979,1611,11,0.9431945538974952,0
1060,6,0,10,2.570001182486124,2097,11,0.9431945538974952,0
767,2,0,10,1.6627916956224909,1798,11,0.9431945538974952,0
925,2,0,10,1.7821613649466532,1484,11,0.8884502877862838,0
941,2,0,10,2.4864424139592103,1893,11,0.9431945538974952,0
880,2,0,10,1.937341935068064,1669,11,0.9431945538974952,0
1103,6,0,10,1.5792329270955774,1889,11,0.9431945538974952,0
1033,2,0,10,1.6031068609604098,1934,11,0.9431945538974952,0
860,6,0,10,1.5115901144785522,1433,11,0.9431945538974952,0
937,2,0,10,2.8684253557965294,1880,11,0.9431945538974952,0
906,6,0,10,1.8219512547213739,1480,11,0.9431945538974952,0
1034,2,0,10,2.351156789,1634,11,0.9431945538974952,0
759,2,0,10,1.284787742762644,1536,11,0.9431945538974952,0
961,6,0,10,1.8577621555186226,1762,11,0.9431945538974952,0
1236,6,0,10,2.593875116350956,1923,11,0.9431945538974952,0
946,6,0,10,2.0049847476850893,1166,11,0.9431945538974952,0
890,2,0,10,2.028858681549922,1904,11,0.8884502877862838,0
1126,2,0,10,2.573980171463596,1932,11,0.9431945538974952,0
893,2,0,10,2.0646695823471704,1599,11,0.8884502877862838,0
931,6,0,10,2.315345887927911,1592,11,0.8884502877862838,0
829,6,0,10,0.8709728891055483,1590,11,0.8884502877862838,0
967,6,0,10,1.8975520452933432,1523,11,0.9431945538974952,0
803,2,0,10,2.1800602626938606,1760,11,0.9431945538974952,0
774,6,0,10,1.0699223379791518,1501,11,0.9431945538974952,0
628,6,0,10,0.8908678339929086,1554,11,0.8884502877862838,0
880,6,0,10,1.344472577424725,1661,11,0.9431945538974952,0
1055,2,0,10,0.9823845804747663,1353,11,0.8884502877862838,0
989,6,0,10,2.1800602626938606,1741,11,0.8884502877862838,0
1033,6,0,10,2.430736568274601,1704,11,0.8884502877862838,0
1056,2,0,10,2.0209007035949775,1637,11,0.9431945538974952,0
1214,6,0,10,2.8883203006838896,1934,11,0.8884502877862838,0
1037,6,0,10,2.108438461099363,1718,11,0.8884502877862838,0
809,2,0,10,1.4121153900417502,1666,11,0.8884502877862838,0
1040,6,0,10,2.331261843837799,1744,11,0.8884502877862838,0
906,2,0,10,1.4160943790192224,1552,11,0.8884502877862838,0
1015,2,0,10,1.2091869521906744,1397,11,0.9431945538974952,0
564,6,2,10,0.067217116,1302,11,0.8884502877862838,0
691,6,2,10,0.055280148723773063,1241,12,0.9431945538974952,0
607,6,2,10,0.047322171,1313,11,0.9431945538974952,0
667,6,2,10,0.2542295975973768,1369,11,0.8884502877862838,0
568,6,2,10,0.14281790622815868,1285,11,0.8884502877862838,0
575,6,2,10,0.004404686,1245,11,0.8884502877862838,0
647,6,2,10,0.032257609,1198,12,0.8884502877862838,0
602,6,2,10,0.12292296134079832,1273,12,0.8884502877862838,0
616,6,2,10,0.11581637730752611,1098,11,0.8884502877862838,0
555,6,2,10,0.028278619803140486,1197,11,0.9431945538974952,0
645,6,2,10,0.28606150941715336,1414,12,0.8884502877862838,0
586,6,2,10,0.17067082907046321,1296,11,0.9431945538974952,0
550,6,2,10,0.24712301356410454,1108,11,0.8884502877862838,0
654,6,2,10,0.27895492538388117,917,11,0.8884502877862838,0
618,6,2,10,0.047322171,1280,12,0.8884502877862838,0
689,6,2,10,0.18260779600287944,1259,12,0.9431945538974952,0
555,6,2,10,0.10700700543091003,1373,12,0.9431945538974952,0
523,6,2,10,0.24314402458663248,1155,12,0.9431945538974952,0
699,6,2,10,0.055280148723773063,1206,12,0.8884502877862838,0
532,6,2,10,0.099900421,1179,12,0.9431945538974952,0
639,6,2,10,0.083133072,1288,12,0.9431945538974952,0
530,6,2,10,0.1317323332174144,1145,11,0.8884502877862838,0
488,6,2,10,0.15560626708224684,1137,12,0.9431945538974952,0
632,6,2,10,0.12775334423994233,1228,12,0.9431945538974952,0
668,6,2,10,0.036236598,1249,11,0.8884502877862838,0
493,6,2,10,0.027427226,1171,12,0.9431945538974952,0
726,6,2,10,0.008383675,1194,11,0.9431945538974952,0
554,6,2,10,0.087963454,1197,11,0.8884502877862838,0
608,6,2,10,0.095070038,1215,12,0.9431945538974952,0
640,6,2,10,0.16754323401466306,1106,12,0.8884502877862838,0
658,6,2,10,0.2025027408902398,1248,12,0.9431945538974952,0
709,6,2,10,0.067217116,1332,11,0.8884502877862838,0
667,6,2,10,0.10700700543091003,1177,11,0.9431945538974952,0
576,6,2,10,0.040215587,1117,11,0.8884502877862838,0
612,6,2,10,0.083984465,1163,12,0.9431945538974952,0
669,6,2,10,0.007532281,1195,12,0.8884502877862838,0
595,6,2,10,0.1794802009470793,1090,12,0.8884502877862838,0
620,6,2,10,0.087963454,1236,12,0.8884502877862838,0
612,6,2,10,0.16754323401466306,1137,12,0.9431945538974952,0
641,6,2,10,0.011511269971580253,1237,11,0.9431945538974952,0
603,6,2,10,0.011511269971580253,1178,12,0.9431945538974952,0
617,6,2,10,0.1794802009470793,1154,12,0.8884502877862838,0
595,6,2,10,0.043343182,1237,12,0.9431945538974952,0
632,6,2,10,0.060110532,1170,11,0.9431945538974952,0
702,6,2,10,0.11183738833005404,1156,12,0.9431945538974952,0
575,6,2,10,0.15162727810477478,1090,11,0.9431945538974952,0
761,6,2,10,0.23433465271001638,1319,12,0.8884502877862838,0
656,6,2,10,0.007532281,1262,11,0.8884502877862838,0
666,6,2,10,0.055280148723773063,1236,12,0.8884502877862838,0
490,6,2,10,0.4898413411899011,1024,12,0.8884502877862838,0
544,6,2,10,0.028278619803140486,1260,12,0.8884502877862838,0
520,6,2,10,0.044194576,1166,11,0.9431945538974952,0
608,6,2,10,0.027427226,1215,11,0.9431945538974952,0
445,6,2,10,0.15958525605971893,1202,12,0.9431945538974952,0
625,6,2,10,0.18743817890202344,1181,11,0.8884502877862838,0
746,6,2,10,0.11894397236332625,1269,12,0.8884502877862838,0
579,6,2,10,0.2948708812937694,1094,12,0.9431945538974952,0
531,6,2,10,0.13969031117235856,1121,12,0.8884502877862838,0
578,6,2,10,0.17152222299213515,1096,12,0.8884502877862838,0
562,6,2,10,0.270996947,1152,12,0.9431945538974952,0
748,6,2,10,0.2025027408902398,1347,12,0.8884502877862838,0
558,6,2,10,0.2550809915190487,1034,12,0.9431945538974952,0
621,6,2,10,0.2272280686767442,1153,11,0.8884502877862838,0
556,6,2,10,0.163564245,1073,12,0.8884502877862838,0
568,6,2,10,0.032257609,1237,11,0.9431945538974952,0
513,6,2,10,0.052152554,1199,12,0.9431945538974952,0
755,6,2,10,0.095070038,1252,12,0.8884502877862838,0
595,6,2,10,0.10700700543091003,1330,12,0.9431945538974952,0
571,6,2,10,0.083984465,1223,11,0.8884502877862838,0
479,6,2,10,0.13969031117235856,1201,12,0.8884502877862838,0
493,6,2,10,0.12377435526247026,1120,11,0.9431945538974952,0
677,6,2,10,0.060110532,1178,11,0.8884502877862838,0
491,6,2,10,0.031406215,1221,11,0.8884502877862838,0
801,6,2,10,0.012362664,1366,11,0.9431945538974952,0
521,6,2,10,0.15958525605971893,1118,12,0.8884502877862838,0
493,6,2,10,0.11183738833005404,1104,12,0.9431945538974952,0
574,6,2,10,0.06806851,1146,11,0.8884502877862838,0
659,6,2,10,0.060110532,1135,11,0.8884502877862838,0
654,6,2,10,0.063238127,1260,12,0.8884502877862838,0
426,6,2,10,0.17152222299213515,1097,12,0.9431945538974952,0
523,6,2,10,0.23518604663168832,1094,12,0.9431945538974952,0
555,6,2,10,0.035385204,1300,11,0.9431945538974952,0
520,6,2,10,0.007532281,1221,12,0.8884502877862838,0
766,6,2,10,0.17862880702540737,1323,12,0.8884502877862838,0
650,6,2,10,0.063238127,1266,12,0.8884502877862838,0
775,6,2,10,0.039364193,1299,11,0.8884502877862838,0
498,6,2,10,0.163564245,1211,12,0.9431945538974952,0
558,6,2,10,0.028278619803140486,1177,11,0.9431945538974952,0
708,6,2,10,0.004404686,1300,12,0.9431945538974952,0
590,6,2,10,0.27895492538388117,1254,11,0.9431945538974952,0
569,6,2,10,0.056131543,1206,11,0.8884502877862838,0
682,6,2,10,0.040215587,1223,12,0.8884502877862838,0
570,6,2,10,0.064089521,1188,12,0.8884502877862838,0
629,6,2,10,0.11894397236332625,1319,11,0.8884502877862838,0
766,6,2,10,0.2900404983946254,1327,12,0.9431945538974952,0
584,6,2,10,0.044194576,1284,11,0.8884502877862838,0
608,6,2,10,0.020320642,1207,11,0.9431945538974952,0
608,6,2,10,0.044194576,1264,11,0.8884502877862838,0
598,6,2,10,0.032257609,1162,11,0.9431945538974952,0
631,6,2,10,0.12775334423994233,1189,12,0.8884502877862838,0
507,6,2,10,0.2948708812937694,1045,11,0.8884502877862838,0
665,6,2,10,0.13883891725068662,1280,12,0.9431945538974952,0
503,6,2,10,0.21927009072180004,1174,11,0.8884502877862838,0
693,6,2,10,0.083984465,1129,12,0.9431945538974952,0
776,6,2,10,0.075175094,1163,12,0.9431945538974952,0
552,6,2,10,0.095921432,1223,12,0.9431945538974952,0
514,6,2,10,0.3943456057305713,1138,12,0.8884502877862838,0
669,6,2,10,0.2670179584514649,1145,11,0.8884502877862838,0
651,6,2,10,0.056131543,1194,11,0.9431945538974952,0
669,6,2,10,0.024299631,1239,11,0.8884502877862838,0
575,6,2,10,0.19141716787949553,1221,11,0.9431945538974952,0
577,6,2,10,0.091942443,1247,11,0.8884502877862838,0
533,6,2,10,0.18345918992455137,1104,11,0.9431945538974952,0
479,6,2,10,0.10387941037510989,1146,11,0.8884502877862838,0
584,6,2,10,0.10387941037510989,1154,12,0.9431945538974952,0
617,6,2,10,0.19141716787949553,1173,11,0.9431945538974952,0
675,6,2,10,0.091942443,1292,11,0.8884502877862838,0
600,6,2,10,0.095921432,1205,11,0.8884502877862838,0
537,6,2,10,0.1109859944083821,1245,11,0.8884502877862838,0
473,6,2,10,0.083984465,1144,12,0.9431945538974952,0
497,6,2,10,0.3505767269783785,1101,11,0.9431945538974952,0
625,6,2,10,0.15560626708224684,1158,11,0.8884502877862838,0
524,6,2,10,0.028278619803140486,1217,12,0.9431945538974952,0
673,6,2,10,0.043343182,1152,11,0.9431945538974952,0
542,6,2,10,0.15077588418310284,1290,11,0.9431945538974952,0
560,6,2,10,0.18260779600287944,1241,12,0.9431945538974952,0
691,6,2,10,0.19141716787949553,1126,11,0.9431945538974952,0
499,6,2,10,0.024299631,1252,12,0.9431945538974952,0
594,6,2,10,0.09109105,1276,12,0.9431945538974952,0
563,6,2,10,0.2272280686767442,1084,11,0.9431945538974952,0
615,6,2,10,0.2869129033388253,1186,12,0.8884502877862838,0
552,6,2,10,0.2511020025415766,1097,11,0.8884502877862838,0
566,6,2,10,0.15560626708224684,1052,11,0.8884502877862838,0
556,6,2,10,0.032257609,1200,12,0.9431945538974952,0
543,6,2,10,0.080005477,1319,12,0.9431945538974952,0
335,6,2,10,0.4221985285728758,946,12,0.8884502877862838,0
624,6,2,10,0.083133072,1261,11,0.8884502877862838,0
577,6,2,10,0.10387941037510989,1124,11,0.8884502877862838,0
663,6,2,10,0.15077588418310284,1225,12,0.8884502877862838,0
458,6,2,10,0.21529110174432797,1171,12,0.9431945538974952,0
545,6,2,10,0.23916503560916041,1122,11,0.9431945538974952,0
700,6,2,10,0.007532281,1242,11,0.9431945538974952,0
514,6,2,10,0.039364193,1269,12,0.9431945538974952,0
602,6,2,10,0.036236598,1216,12,0.9431945538974952,0
615,6,2,10,0.19141716787949553,1177,12,0.9431945538974952,0
738,6,2,10,0.1357113221948865,1272,12,0.8884502877862838,0
574,6,2,10,0.13969031117235856,1189,12,0.9431945538974952,0
611,6,2,10,0.12377435526247026,1186,12,0.8884502877862838,0
385,6,2,10,0.20733312378938382,1099,11,0.9431945538974952,0
628,6,2,10,0.067217116,1261,11,0.8884502877862838,0
611,6,2,10,0.2232490796992721,1073,12,0.8884502877862838,0
528,6,2,10,0.10302801645343795,1298,11,0.8884502877862838,0
519,6,2,10,0.2550809915190487,1066,11,0.9431945538974952,0
686,6,2,10,0.13969031117235856,1119,11,0.9431945538974952,0
582,6,2,10,0.035385204,1289,11,0.9431945538974952,0
438,6,2,10,0.21927009072180004,1174,12,0.8884502877862838,0
593,6,2,10,0.11979536628499819,1097,12,0.8884502877862838,0
499,6,2,10,0.099900421,1169,12,0.8884502877862838,0
619,6,2,10,0.11183738833005404,1142,12,0.9431945538974952,0
525,6,2,10,0.19937514583443966,1070,12,0.9431945538974952,0
798,6,2,10,0.087112061,1293,12,0.9431945538974952,0
610,6,2,10,0.13969031117235856,1094,11,0.8884502877862838,0
659,6,2,10,0.003553292,1331,11,0.8884502877862838,0
640,6,2,10,0.039364193,1151,11,0.9431945538974952,0
575,6,2,10,0.091942443,1170,12,0.8884502877862838,0
619,6,2,10,0.1317323332174144,1242,11,0.8884502877862838,0
747,6,2,10,0.1269019503182704,1214,12,0.9431945538974952,0
775,6,2,10,0.10302801645343795,1312,12,0.8884502877862838,0
635,6,2,10,0.1476482891273027,1163,12,0.9431945538974952,0
586,6,2,10,0.075175094,1277,11,0.8884502877862838,0
631,6,2,10,0.080005477,1125,11,0.8884502877862838,0
541,6,2,10,0.028278619803140486,1264,11,0.8884502877862838,0
559,6,2,10,0.032257609,1125,11,0.8884502877862838,0
658,6,2,10,0.15560626708224684,1114,11,0.9431945538974952,0
559,6,2,10,0.15958525605971893,1274,11,0.9431945538974952,0
631,6,2,10,0.10785839935258197,1206,12,0.9431945538974952,0
643,6,2,10,0.19937514583443966,1195,12,0.8884502877862838,0
461,6,2,10,0.23120705765421626,1136,12,0.8884502877862838,0
756,6,2,10,0.17067082907046321,1327,12,0.8884502877862838,0
607,6,2,10,0.080005477,1187,11,0.8884502877862838,0
714,6,2,10,0.087963454,1212,12,0.9431945538974952,0
570,6,2,10,0.016341652870724265,1237,12,0.8884502877862838,0
595,6,2,10,0.1953961568569676,1140,12,0.8884502877862838,0
596,6,2,10,0.15958525605971893,1261,12,0.9431945538974952,0
790,6,2,10,0.1905657739578236,1312,11,0.8884502877862838,0
596,6,2,10,0.23518604663168832,1116,12,0.8884502877862838,0
813,6,2,10,0.087112061,1383,11,0.8884502877862838,0
545,6,2,10,0.052152554,1229,11,0.9431945538974952,0
605,6,2,10,0.1476482891273027,1274,12,0.8884502877862838,0
550,6,2,10,0.028278619803140486,1228,11,0.8884502877862838,0
501,6,2,10,0.14366930014983062,1101,12,0.9431945538974952,0
493,6,2,10,0.052152554,1161,11,0.8884502877862838,0
661,6,2,10,0.067217116,1223,12,0.9431945538974952,0
677,6,2,10,0.083984465,1200,12,0.9431945538974952,0
626,6,2,10,0.20648172986771188,1338,12,0.9431945538974952,0
708,6,2,10,0.016341652870724265,1208,11,0.9431945538974952,0
572,6,2,10,0.3426187490234343,1021,12,0.9431945538974952,0
424,6,2,10,0.11581637730752611,1093,12,0.8884502877862838,0
621,6,2,10,0.004404686,1238,12,0.9431945538974952,0
638,6,2,10,0.027427226,1224,12,0.9431945538974952,0
462,6,2,10,0.19141716787949553,953,12,0.9431945538974952,0
538,6,2,10,0.012362664,1265,11,0.9431945538974952,0
714,6,2,10,0.13883891725068662,1338,11,0.9431945538974952,0
462,6,2,10,0.17152222299213515,1169,11,0.8884502877862838,0
461,6,2,10,0.1357113221948865,1102,12,0.9431945538974952,0
529,6,2,10,0.1476482891273027,1212,11,0.8884502877862838,0
794,6,2,10,0.000425697,1333,11,0.9431945538974952,0
481,6,2,10,0.091942443,1111,11,0.8884502877862838,0
467,6,2,10,0.15162727810477478,1088,12,0.8884502877862838,0
543,6,2,10,0.15162727810477478,1062,11,0.9431945538974952,0
661,6,2,10,0.043343182,1289,12,0.9431945538974952,0
497,6,2,10,0.076026488,1251,12,0.9431945538974952,0
572,6,2,10,0.019469248,1219,11,0.8884502877862838,0
739,6,2,10,0.11894397236332625,1311,12,0.8884502877862838,0
647,6,2,10,0.1269019503182704,1235,11,0.8884502877862838,0
557,6,2,10,0.091942443,1190,12,0.9431945538974952,0
713,6,2,10,0.011511269971580253,1244,11,0.8884502877862838,0
427,6,2,10,0.2511020025415766,1096,12,0.8884502877862838,0
595,6,2,10,0.003553292,1212,11,0.8884502877862838,0
644,6,2,10,0.059259138,1295,12,0.8884502877862838,0
444,6,2,10,0.19937514583443966,1108,12,0.9431945538974952,0
564,6,2,10,0.044194576,1242,12,0.9431945538974952,0
703,6,2,10,0.083133072,1267,11,0.8884502877862838,0
640,6,2,10,0.16669184009299115,1334,12,0.8884502877862838,0
512,6,2,10,0.036236598,1211,12,0.8884502877862838,0
565,6,2,10,0.011511269971580253,1393,12,0.9431945538974952,0
476,6,2,10,0.270996947,1220,12,0.8884502877862838,0
376,6,2,10,0.3943456057305713,1019,12,0.9431945538974952,0
633,6,2,10,0.047322171,1284,12,0.8884502877862838,0
556,6,2,10,0.12377435526247026,1162,11,0.8884502877862838,0
553,6,2,10,0.37047167186573887,1113,12,0.9431945538974952,0
665,6,2,10,0.1953961568569676,1211,12,0.8884502877862838,0
534,6,2,10,0.10700700543091003,1184,11,0.9431945538974952,0
725,6,2,10,0.055280148723773063,1291,12,0.9431945538974952,0
650,6,2,10,0.035385204,1300,12,0.8884502877862838,0
554,6,2,10,0.19141716787949553,1048,12,0.8884502877862838,0
650,6,2,10,0.1357113221948865,1258,11,0.9431945538974952,0
607,6,2,10,0.012362664,1224,12,0.9431945538974952,0
597,6,2,10,0.19852375191276772,1230,12,0.9431945538974952,0
561,6,2,10,0.20733312378938382,1049,12,0.8884502877862838,0
462,6,2,10,0.163564245,1219,12,0.9431945538974952,0
718,6,2,10,0.10785839935258197,1164,12,0.8884502877862838,0
726,6,2,10,0.1547548731605749,1406,12,0.8884502877862838,0
598,6,2,10,0.004404686,1287,12,0.8884502877862838,0
550,6,2,10,0.060110532,1219,12,0.8884502877862838,0
662,6,2,10,0.027427226,1241,11,0.8884502877862838,0
539,6,2,10,0.095921432,1267,11,0.8884502877862838,0
456,6,2,10,0.20335413481191175,1119,12,0.9431945538974952,0
542,6,2,10,0.19141716787949553,1230,12,0.9431945538974952,0
529,6,2,10,0.1357113221948865,1167,11,0.9431945538974952,0
579,6,2,10,0.028278619803140486,1191,11,0.8884502877862838,0
460,6,2,10,0.13969031117235856,1063,12,0.9431945538974952,0
496,6,2,10,0.047322171,1159,11,0.9431945538974952,0
570,6,2,10,0.087963454,1180,12,0.9431945538974952,0
730,6,2,10,0.039364193,1361,12,0.8884502877862838,0
724,6,2,10,0.063238127,1235,11,0.9431945538974952,0
615,6,2,10,0.099049027,1261,11,0.8884502877862838,0
559,6,2,10,0.13969031117235856,1176,12,0.8884502877862838,0
732,6,2,10,0.072047499,1228,11,0.8884502877862838,0
746,6,2,10,0.031406215,1274,11,0.8884502877862838,0
614,6,2,10,0.20335413481191175,1193,12,0.9431945538974952,0
531,6,2,10,0.052152554,1264,12,0.8884502877862838,0
654,6,2,10,0.13485992827321455,1286,12,0.9431945538974952,0
562,6,2,10,0.1794802009470793,1028,11,0.9431945538974952,0
489,6,2,10,0.032257609,1136,11,0.9431945538974952,0
590,6,2,10,0.17550121196960722,1175,11,0.8884502877862838,0
679,6,2,10,0.18345918992455137,1166,12,0.8884502877862838,0
717,6,2,10,0.1476482891273027,1089,11,0.9431945538974952,0
708,6,2,10,0.020320642,1224,12,0.9431945538974952,0
543,6,2,10,0.099049027,1184,12,0.9431945538974952,0
640,6,2,10,0.004404686,1226,11,0.8884502877862838,0
522,6,2,10,0.1953961568569676,1027,11,0.8884502877862838,0
536,6,2,10,0.11979536628499819,1095,11,0.9431945538974952,0
601,6,2,10,0.040215587,1248,12,0.8884502877862838,0
612,6,2,10,0.091942443,1279,11,0.8884502877862838,0
552,6,2,10,0.11581637730752611,1135,11,0.8884502877862838,0
615,6,2,10,0.087112061,1343,11,0.8884502877862838,0
554,6,2,10,0.028278619803140486,1198,12,0.8884502877862838,0
672,6,2,10,0.12775334423994233,1194,12,0.8884502877862838,0
741,6,2,10,0.06806851,1136,12,0.9431945538974952,0
532,6,2,10,0.043343182,1221,12,0.8884502877862838,0
392,6,2,10,0.072047499,1143,11,0.8884502877862838,0
644,6,2,10,0.020320642,1242,12,0.8884502877862838,0
479,6,2,10,0.36649268288826675,1017,11,0.8884502877862838,0
730,6,2,10,0.1269019503182704,1341,12,0.8884502877862838,0
562,6,2,10,0.031406215,1176,11,0.8884502877862838,0
558,6,2,10,0.087963454,1207,12,0.8884502877862838,0
664,6,2,10,0.064089521,1247,12,0.9431945538974952,0
769,6,2,10,0.023448236903996476,1196,12,0.9431945538974952,0
536,6,2,10,0.043343182,1185,12,0.8884502877862838,0
604,6,2,10,0.012362664,1273,12,0.8884502877862838,0
523,6,2,10,0.163564245,1134,11,0.8884502877862838,0
635,6,2,10,0.011511269971580253,1237,12,0.8884502877862838,0
564,6,2,10,0.1357113221948865,1229,12,0.9431945538974952,0
697,6,2,10,0.019469248,1233,11,0.9431945538974952,0
577,6,2,10,0.12775334423994233,1078,12,0.8884502877862838,0
642,6,2,10,0.1476482891273027,1272,12,0.9431945538974952,0
597,6,2,10,0.24314402458663248,1175,12,0.9431945538974952,0
633,6,2,10,0.036236598,1216,11,0.8884502877862838,0
752,6,2,10,0.21443970782265603,1320,12,0.8884502877862838,0
719,6,2,10,0.023448236903996476,1302,12,0.8884502877862838,0
564,6,2,10,0.039364193,1245,11,0.8884502877862838,0
588,6,2,10,0.20648172986771188,1352,12,0.8884502877862838,0
729,6,2,10,0.020320642,1223,11,0.8884502877862838,0
621,6,2,10,0.11581637730752611,1080,11,0.9431945538974952,0
647,6,2,10,0.016341652870724265,1208,12,0.9431945538974952,0
590,6,2,10,0.011511269971580253,1227,12,0.8884502877862838,0
656,6,2,10,0.020320642,1193,12,0.9431945538974952,0
621,6,2,10,0.21131211276685588,1129,11,0.8884502877862838,0
696,6,2,10,0.13088093929574246,1250,11,0.8884502877862838,0
600,6,2,10,0.18345918992455137,1120,11,0.9431945538974952,0
653,6,2,10,0.028278619803140486,1184,11,0.8884502877862838,0
648,6,2,10,0.19141716787949553,1167,12,0.8884502877862838,0
631,6,2,10,0.18345918992455137,1137,11,0.8884502877862838,0
595,6,2,10,0.040215587,1128,11,0.8884502877862838,0
523,6,2,10,0.008383675,1217,11,0.9431945538974952,0
346,6,2,10,0.3306817820910181,973,11,0.8884502877862838,0
760,6,2,10,0.16669184009299115,1388,11,0.9431945538974952,0
554,6,2,10,0.1953961568569676,1153,12,0.9431945538974952,0
627,6,2,10,0.072047499,1212,11,0.9431945538974952,0
565,6,2,10,0.15958525605971893,1152,12,0.8884502877862838,0
608,6,2,10,0.19937514583443966,1151,12,0.9431945538974952,0
651,6,2,10,0.044194576,1153,12,0.9431945538974952,0
633,6,2,10,0.048173565,1189,12,0.9431945538974952,0
566,6,2,10,0.12377435526247026,1136,11,0.8884502877862838,0
592,6,2,10,0.087963454,1217,11,0.9431945538974952,0
604,6,2,10,0.044194576,1026,12,0.8884502877862838,0
695,6,2,10,0.055280148723773063,1295,11,0.8884502877862838,0
683,6,2,10,0.023448236903996476,1190,11,0.9431945538974952,0
573,6,2,10,0.24314402458663248,1071,11,0.9431945538974952,0
796,6,2,10,0.091942443,1162,11,0.9431945538974952,0
554,6,2,10,0.064089521,1237,12,0.9431945538974952,0
610,6,2,10,0.080005477,1073,12,0.9431945538974952,0
620,6,2,10,0.040215587,1260,12,0.8884502877862838,0
457,6,2,10,0.3028288592487136,1114,12,0.8884502877862838,0
618,6,2,10,0.063238127,1309,12,0.9431945538974952,0
496,6,2,10,0.015490258949052328,1162,12,0.9431945538974952,0
779,6,2,10,0.2462716196424326,1320,11,0.8884502877862838,0
655,6,2,10,0.080005477,1065,12,0.9431945538974952,0
525,6,2,10,0.052152554,1234,11,0.9431945538974952,0
743,6,2,10,0.19454476293529566,1354,12,0.8884502877862838,0
585,6,2,10,0.008383675,1270,11,0.8884502877862838,0
484,6,2,10,0.087963454,1184,11,0.9431945538974952,0
469,6,2,10,0.099900421,1218,11,0.9431945538974952,0
594,6,2,10,0.016341652870724265,1289,11,0.8884502877862838,0
647,6,2,10,0.1794802009470793,1181,12,0.9431945538974952,0
496,6,2,10,0.28293391436135323,1152,11,0.9431945538974952,0
550,6,2,10,0.016341652870724265,1150,11,0.8884502877862838,0
773,6,2,10,0.023448236903996476,1282,11,0.9431945538974952,0
528,6,2,10,0.1476482891273027,1120,12,0.9431945538974952,0
602,6,2,10,0.15162727810477478,1028,12,0.9431945538974952,0
665,6,2,10,0.055280148723773063,1262,11,0.8884502877862838,0
626,6,2,10,0.15162727810477478,1157,11,0.8884502877862838,0
506,1,2,10,2.6495809620355653,1090,6,0.8884502877862838,0
445,1,2,10,2.036816659504866,1005,11,0.9431945538974952,0
539,6,2,10,2.3431988107702155,1238,6,0.9431945538974952,0
398,1,2,10,2.2636190312207742,1127,11,0.8884502877862838,0
612,6,2,10,2.474505447026794,1264,11,0.8884502877862838,0
570,6,2,10,2.5063373588465705,1153,6,0.8884502877862838,0
580,6,2,10,2.7808875982921437,1271,11,0.8884502877862838,0
639,1,2,10,3.536895504011838,1279,6,0.8884502877862838,0
586,6,2,10,2.832614454999281,1307,6,0.9431945538974952,0
593,1,2,10,2.7251817526075346,1228,6,0.9431945538974952,0
458,1,2,10,1.9970267697301451,1049,6,0.8884502877862838,0
579,1,2,10,2.788845576247088,1265,11,0.9431945538974952,0
598,1,2,10,2.892299289661362,1404,6,0.9431945538974952,0
649,1,2,10,2.7450766974948952,1249,11,0.9431945538974952,0
497,1,2,10,2.0049847476850893,1074,6,0.9431945538974952,0
574,6,2,10,2.474505447026794,1196,11,0.8884502877862838,0
535,6,2,10,2.3790097115674644,1235,11,0.9431945538974952,0
519,1,2,10,2.589896127373484,1173,6,0.9431945538974952,0
570,6,2,10,2.8644463668190574,1279,11,0.9431945538974952,0
548,1,2,10,2.6694759069229255,1275,11,0.8884502877862838,0
593,6,2,10,2.0606905933696984,1120,6,0.9431945538974952,0
626,6,2,10,2.6814128738553418,1208,11,0.8884502877862838,0
619,1,2,10,2.478484436004266,1248,11,0.9431945538974952,0
705,6,2,10,2.912194234548722,1276,6,0.8884502877862838,0
485,1,2,10,1.6031068609604098,1082,6,0.8884502877862838,0
576,6,2,10,2.8246564770443365,1320,11,0.9431945538974952,0
592,1,2,10,2.741097708517423,1176,6,0.9431945538974952,0
595,1,2,10,2.474505447026794,1270,11,0.9431945538974952,0
529,6,2,10,2.2954509430405508,1142,6,0.8884502877862838,0
595,1,2,10,2.7769086093146718,1271,6,0.8884502877862838,0
521,1,2,10,2.9241312014811385,1246,6,0.8884502877862838,0
544,6,2,10,2.2317871194009977,1179,6,0.8884502877862838,0
467,6,2,10,2.534190281688875,1231,11,0.9431945538974952,0
499,6,2,10,2.6694759069229255,1166,6,0.9431945538974952,0
364,1,2,10,2.518274325778987,1148,11,0.9431945538974952,0
537,1,2,10,1.770224398014237,978,6,0.8884502877862838,0
578,1,2,10,2.4983793808916266,1230,11,0.9431945538974952,0
478,6,2,10,1.941320924045536,1089,6,0.8884502877862838,0
693,1,2,10,3.154912562174519,1258,6,0.9431945538974952,0
631,6,2,10,2.6654969179454535,1266,6,0.9431945538974952,0
635,1,2,10,2.7212027636300626,1163,6,0.9431945538974952,0
486,1,2,10,1.8975520452933432,1055,11,0.8884502877862838,0
449,6,2,10,2.215871163491109,1168,11,0.8884502877862838,0
614,1,2,10,3.174807507061879,1287,6,0.8884502877862838,0
